preschool,address,city,state,zip,provider_type,license_number,license_status_in_cdss_2025_export,licensed_capacity,phone,license_first_date,elfa_network_member,preschool_screening_rating,rating_basis,rating_limitations,address_source,cdss_facility_detail_url,cdss_dataset_url,elfa_directory_url,cdss_export_data_date,elfa_directory_access_date,latitude,longitude,geocode_matched_address,geocode_match_method,geocode_source,geocode_data_as_of
1st Place 2 Start,1252 Sunnydale Ave,San Francisco,CA,94134,DAY CARE CENTER,384001195,LICENSED,27,(415) 333-2659,9/23/2003,Yes,A - ELFA quality standards + licensed,Listed in San Francisco DEC's ELFA quality network and shown as LICENSED in the CDSS child care center export dated 2025-05-25.,"Screening category, not a standardized academic or review-site rating. Check current CCLD inspections/complaints, visit the site, and confirm age fit, availability, cost, staffing, and curriculum.",SF DEC ELFA directory,https://www.ccld.dss.ca.gov/carefacilitysearch/?Rewrite=FacDetail%2F384001195,https://data.ca.gov/dataset/community-care-licensing-facilities,https://legacy.sfdec.org/early-learning-for-all/early-learning-programs/,2025-05-25,2026-09-22,37.7113328,-122.4135254,1252 SUNNYDALE AVE,Exact DataSF address,DataSF Enterprise Addressing System,2026-09-21
Alpha Kids Academy,175 Junipero Serra Blvd,San Francisco,CA,94127,DAY CARE CENTER,384002291,LICENSED,53,(650) 867-1917,3/7/2013,Yes,A - ELFA quality standards + licensed,Listed in San Francisco DEC's ELFA quality network and shown as LICENSED in the CDSS child care center export dated 2025-05-25.,"Screening category, not a standardized academic or review-site rating. Check current CCLD inspections/complaints, visit the site, and confirm age fit, availability, cost, staffing, and curriculum.",SF DEC ELFA directory,https://www.ccld.dss.ca.gov/carefacilitysearch/?Rewrite=FacDetail%2F384002291,https://data.ca.gov/dataset/community-care-licensing-facilities,https://legacy.sfdec.org/early-learning-for-all/early-learning-programs/,2025-05-25,2026-09-22,37.7321697,-122.4711519,175 JUNIPERO SERRA BLVD,Exact DataSF address,DataSF Enterprise Addressing System,2026-09-21
Alpha Kids Academy,300 Stonecrest Dr,San Francisco,CA,94132,DAY CARE CENTER,384002496,LICENSED,30,(415) 999-2208,6/18/2015,Yes,A - ELFA quality standards + licensed,Listed in San Francisco DEC's ELFA quality network and shown as LICENSED in the CDSS child care center export dated 2025-05-25.,"Screening category, not a standardized academic or review-site rating. Check current CCLD inspections/complaints, visit the site, and confirm age fit, availability, cost, staffing, and curriculum.",SF DEC ELFA directory,https://www.ccld.dss.ca.gov/carefacilitysearch/?Rewrite=FacDetail%2F384002496,https://data.ca.gov/dataset/community-care-licensing-facilities,https://legacy.sfdec.org/early-learning-for-all/early-learning-programs/,2025-05-25,2026-09-22,37.7248234,-122.4738519,300 STONECREST DR,Exact DataSF address,DataSF Enterprise Addressing System,2026-09-21
Associated Students Children's Center -SFSU,1650 Holloway Ave,San Francisco,CA,94132,DAY CARE CENTER,380504942,LICENSED,60,(415) 338-2403,4/9/1987,Yes,A - ELFA quality standards + licensed,Listed in San Francisco DEC's ELFA quality network and shown as LICENSED in the CDSS child care center export dated 2025-05-25.,"Screening category, not a standardized academic or review-site rating. Check current CCLD inspections/complaints, visit the site, and confirm age fit, availability, cost, staffing, and curriculum.",SF DEC ELFA directory,https://www.ccld.dss.ca.gov/carefacilitysearch/?Rewrite=FacDetail%2F380504942,https://data.ca.gov/dataset/community-care-licensing-facilities,https://legacy.sfdec.org/early-learning-for-all/early-learning-programs/,2025-05-25,2026-09-22,37.7222744,-122.4784223,1650 HOLLOWAY AVE,Exact DataSF address,DataSF Enterprise Addressing System,2026-09-21
Banana Fana Preschool,2701 Folsom St,San Francisco,CA,94110,DAY CARE CENTER,384004477,LICENSED,50,(415) 583-6450,12/3/2021,Yes,A - ELFA quality standards + licensed,Listed in San Francisco DEC's ELFA quality network and shown as LICENSED in the CDSS child care center export dated 2025-05-25.,"Screening category, not a standardized academic or review-site rating. Check current CCLD inspections/complaints, visit the site, and confirm age fit, availability, cost, staffing, and curriculum.",SF DEC ELFA directory,https://www.ccld.dss.ca.gov/carefacilitysearch/?Rewrite=FacDetail%2F384004477,https://data.ca.gov/dataset/community-care-licensing-facilities,https://legacy.sfdec.org/early-learning-for-all/early-learning-programs/,2025-05-25,2026-09-22,37.7539815,-122.4139181,2701 FOLSOM ST,Exact DataSF address,DataSF Enterprise Addressing System,2026-09-21
Bright Horizons - Kirkham St,10 Kirkham St,San Francisco,CA,94143,DAY CARE CENTER,384002350,LICENSED,93,(415) 596-5160,2/1/2013,Yes,A - ELFA quality standards + licensed,Listed in San Francisco DEC's ELFA quality network and shown as LICENSED in the CDSS child care center export dated 2025-05-25.,"Screening category, not a standardized academic or review-site rating. Check current CCLD inspections/complaints, visit the site, and confirm age fit, availability, cost, staffing, and curriculum.",SF DEC ELFA directory,https://www.ccld.dss.ca.gov/carefacilitysearch/?Rewrite=FacDetail%2F384002350,https://data.ca.gov/dataset/community-care-licensing-facilities,https://legacy.sfdec.org/early-learning-for-all/early-learning-programs/,2025-05-25,2026-09-22,37.7606521,-122.4611067,10 KIRKHAM ST,Exact DataSF address; source ZIP differs,DataSF Enterprise Addressing System,2026-09-21
Bright Horizons - Little Trailblazers,50 Fremont St,San Francisco,CA,94105,DAY CARE CENTER,384002794,LICENSED,84,(628) 900-9495,8/10/2017,Yes,A - ELFA quality standards + licensed,Listed in San Francisco DEC's ELFA quality network and shown as LICENSED in the CDSS child care center export dated 2025-05-25.,"Screening category, not a standardized academic or review-site rating. Check current CCLD inspections/complaints, visit the site, and confirm age fit, availability, cost, staffing, and curriculum.",SF DEC ELFA directory,https://www.ccld.dss.ca.gov/carefacilitysearch/?Rewrite=FacDetail%2F384002794,https://data.ca.gov/dataset/community-care-licensing-facilities,https://legacy.sfdec.org/early-learning-for-all/early-learning-programs/,2025-05-25,2026-09-22,37.7903044,-122.3973651,50 FREMONT ST,Exact DataSF address,DataSF Enterprise Addressing System,2026-09-21
Bright Horizons - Mission Bay,727 Nelson Rising Ln,San Francisco,CA,94158,DAY CARE CENTER,384003047,LICENSED,206,(415) 596-5160,5/7/2018,Yes,A - ELFA quality standards + licensed,Listed in San Francisco DEC's ELFA quality network and shown as LICENSED in the CDSS child care center export dated 2025-05-25.,"Screening category, not a standardized academic or review-site rating. Check current CCLD inspections/complaints, visit the site, and confirm age fit, availability, cost, staffing, and curriculum.",SF DEC ELFA directory,https://www.ccld.dss.ca.gov/carefacilitysearch/?Rewrite=FacDetail%2F384003047,https://data.ca.gov/dataset/community-care-licensing-facilities,https://legacy.sfdec.org/early-learning-for-all/early-learning-programs/,2025-05-25,2026-09-22,37.7694403,-122.3933028,727 NELSON RISING LN,Exact DataSF address,DataSF Enterprise Addressing System,2026-09-21
Buen Dia Family School,589 Guerrero St,San Francisco,CA,94110,DAY CARE CENTER,380504038,LICENSED,30,(415) 431-3535,8/10/1982,Yes,A - ELFA quality standards + licensed,Listed in San Francisco DEC's ELFA quality network and shown as LICENSED in the CDSS child care center export dated 2025-05-25.,"Screening category, not a standardized academic or review-site rating. Check current CCLD inspections/complaints, visit the site, and confirm age fit, availability, cost, staffing, and curriculum.",SF DEC ELFA directory,https://www.ccld.dss.ca.gov/carefacilitysearch/?Rewrite=FacDetail%2F380504038,https://data.ca.gov/dataset/community-care-licensing-facilities,https://legacy.sfdec.org/early-learning-for-all/early-learning-programs/,2025-05-25,2026-09-22,37.7619338,-122.4234529,589 GUERRERO ST,Exact DataSF address,DataSF Enterprise Addressing System,2026-09-21
C5 Children's School - C5 Children's School (City Building),525 Golden Gate Ave,San Francisco,CA,94102,DAY CARE CENTER,384002299,LICENSED,45,(415) 626-4880,10/26/2012,Yes,A - ELFA quality standards + licensed,Listed in San Francisco DEC's ELFA quality network and shown as LICENSED in the CDSS child care center export dated 2025-05-25.,"Screening category, not a standardized academic or review-site rating. Check current CCLD inspections/complaints, visit the site, and confirm age fit, availability, cost, staffing, and curriculum.",SF DEC ELFA directory,https://www.ccld.dss.ca.gov/carefacilitysearch/?Rewrite=FacDetail%2F384002299,https://data.ca.gov/dataset/community-care-licensing-facilities,https://legacy.sfdec.org/early-learning-for-all/early-learning-programs/,2025-05-25,2026-09-22,37.7811107,-122.418926,525 GOLDEN GATE AVE,Exact DataSF address,DataSF Enterprise Addressing System,2026-09-21
C5 SF Permit Building Center,"49 South Van Ness Ave, #310",San Francisco,CA,94103,DAY CARE CENTER,384004798,LICENSED,54,(415) 652-0820,12/29/2023,Yes,A - ELFA quality standards + licensed,Listed in San Francisco DEC's ELFA quality network and shown as LICENSED in the CDSS child care center export dated 2025-05-25.,"Screening category, not a standardized academic or review-site rating. Check current CCLD inspections/complaints, visit the site, and confirm age fit, availability, cost, staffing, and curriculum.",SF DEC ELFA directory,https://www.ccld.dss.ca.gov/carefacilitysearch/?Rewrite=FacDetail%2F384004798,https://data.ca.gov/dataset/community-care-licensing-facilities,https://legacy.sfdec.org/early-learning-for-all/early-learning-programs/,2025-05-25,2026-09-22,37.7744257,-122.418033,49 SOUTH VAN NESS AVE,Exact DataSF address,DataSF Enterprise Addressing System,2026-09-21
Catholic Charities CYO Treasure Island Child Development Center - CYO- Treasure Island,850 Avenue D,San Francisco,CA,94130,DAY CARE CENTER,384002011,LICENSED,60,(415) 834-0614,1/29/2010,Yes,A - ELFA quality standards + licensed,Listed in San Francisco DEC's ELFA quality network and shown as LICENSED in the CDSS child care center export dated 2025-05-25.,"Screening category, not a standardized academic or review-site rating. Check current CCLD inspections/complaints, visit the site, and confirm age fit, availability, cost, staffing, and curriculum.",SF DEC ELFA directory,https://www.ccld.dss.ca.gov/carefacilitysearch/?Rewrite=FacDetail%2F384002011,https://data.ca.gov/dataset/community-care-licensing-facilities,https://legacy.sfdec.org/early-learning-for-all/early-learning-programs/,2025-05-25,2026-09-22,37.8250046,-122.3731324,"850 AVE D, SAN FRANCISCO, CA, 94130",US Census address match,US Census Geocoder Public_AR_Current,2026-09-22
Centro Las Olas,3737 26th St,San Francisco,CA,94110,DAY CARE CENTER,384001625,LICENSED,16,(415) 821-6527,6/5/2007,Yes,A - ELFA quality standards + licensed,Listed in San Francisco DEC's ELFA quality network and shown as LICENSED in the CDSS child care center export dated 2025-05-25.,"Screening category, not a standardized academic or review-site rating. Check current CCLD inspections/complaints, visit the site, and confirm age fit, availability, cost, staffing, and curriculum.",SF DEC ELFA directory,https://www.ccld.dss.ca.gov/carefacilitysearch/?Rewrite=FacDetail%2F384001625,https://data.ca.gov/dataset/community-care-licensing-facilities,https://legacy.sfdec.org/early-learning-for-all/early-learning-programs/,2025-05-25,2026-09-22,37.7483618,-122.4240475,3737 26TH ST,Exact DataSF address,DataSF Enterprise Addressing System,2026-09-21
Cheryl Andersen-Sorensen Childcare Center - The Land's End School,"4150 Clement St, T35",San Francisco,CA,94121,DAY CARE CENTER,380506270,LICENSED,30,(415) 751-8511,12/2/1993,Yes,A - ELFA quality standards + licensed,Listed in San Francisco DEC's ELFA quality network and shown as LICENSED in the CDSS child care center export dated 2025-05-25.,"Screening category, not a standardized academic or review-site rating. Check current CCLD inspections/complaints, visit the site, and confirm age fit, availability, cost, staffing, and curriculum.",SF DEC ELFA directory,https://www.ccld.dss.ca.gov/carefacilitysearch/?Rewrite=FacDetail%2F380506270,https://data.ca.gov/dataset/community-care-licensing-facilities,https://legacy.sfdec.org/early-learning-for-all/early-learning-programs/,2025-05-25,2026-09-22,37.7815375,-122.5048469,4150 CLEMENT ST,DataSF normalized street match,DataSF Enterprise Addressing System,2026-09-21
Chibi-Chan - Chibi-Chan Preschool,2507 Pine St,San Francisco,CA,94115,DAY CARE CENTER,384000923,LICENSED,56,(415) 351-0955,7/19/2001,Yes,A - ELFA quality standards + licensed,Listed in San Francisco DEC's ELFA quality network and shown as LICENSED in the CDSS child care center export dated 2025-05-25.,"Screening category, not a standardized academic or review-site rating. Check current CCLD inspections/complaints, visit the site, and confirm age fit, availability, cost, staffing, and curriculum.",SF DEC ELFA directory,https://www.ccld.dss.ca.gov/carefacilitysearch/?Rewrite=FacDetail%2F384000923,https://data.ca.gov/dataset/community-care-licensing-facilities,https://legacy.sfdec.org/early-learning-for-all/early-learning-programs/,2025-05-25,2026-09-22,37.7871596,-122.437269,2507 PINE ST,Exact DataSF address,DataSF Enterprise Addressing System,2026-09-21
Chibi-Chan - Chibi-Chan Too Preschool,800 Presidio Ave,San Francisco,CA,94115,DAY CARE CENTER,384002962,LICENSED,36,(415) 351-0955,9/26/2017,Yes,A - ELFA quality standards + licensed,Listed in San Francisco DEC's ELFA quality network and shown as LICENSED in the CDSS child care center export dated 2025-05-25.,"Screening category, not a standardized academic or review-site rating. Check current CCLD inspections/complaints, visit the site, and confirm age fit, availability, cost, staffing, and curriculum.",SF DEC ELFA directory,https://www.ccld.dss.ca.gov/carefacilitysearch/?Rewrite=FacDetail%2F384002962,https://data.ca.gov/dataset/community-care-licensing-facilities,https://legacy.sfdec.org/early-learning-for-all/early-learning-programs/,2025-05-25,2026-09-22,37.7843358,-122.446059,800 PRESIDIO AVE,Exact DataSF address,DataSF Enterprise Addressing System,2026-09-21
Child's Time Preschool,3061 San Bruno Ave,San Francisco,CA,94134,DAY CARE CENTER,384000521,LICENSED,22,(415) 656-0380,10/5/1999,Yes,A - ELFA quality standards + licensed,Listed in San Francisco DEC's ELFA quality network and shown as LICENSED in the CDSS child care center export dated 2025-05-25.,"Screening category, not a standardized academic or review-site rating. Check current CCLD inspections/complaints, visit the site, and confirm age fit, availability, cost, staffing, and curriculum.",SF DEC ELFA directory,https://www.ccld.dss.ca.gov/carefacilitysearch/?Rewrite=FacDetail%2F384000521,https://data.ca.gov/dataset/community-care-licensing-facilities,https://legacy.sfdec.org/early-learning-for-all/early-learning-programs/,2025-05-25,2026-09-22,37.722929,-122.4014337,3061 SAN BRUNO AVE,Exact DataSF address,DataSF Enterprise Addressing System,2026-09-21
Chinatown Community Children's Center - Chinatown Community Children's Center - Clay Site,979 Clay St,San Francisco,CA,94108,DAY CARE CENTER,380505035,LICENSED,60,(415) 986-2528,3/5/1982,Yes,A - ELFA quality standards + licensed,Listed in San Francisco DEC's ELFA quality network and shown as LICENSED in the CDSS child care center export dated 2025-05-25.,"Screening category, not a standardized academic or review-site rating. Check current CCLD inspections/complaints, visit the site, and confirm age fit, availability, cost, staffing, and curriculum.",SF DEC ELFA directory,https://www.ccld.dss.ca.gov/carefacilitysearch/?Rewrite=FacDetail%2F380505035,https://data.ca.gov/dataset/community-care-licensing-facilities,https://legacy.sfdec.org/early-learning-for-all/early-learning-programs/,2025-05-25,2026-09-22,37.7938197,-122.4091456,979 CLAY ST,Exact DataSF address,DataSF Enterprise Addressing System,2026-09-21
Chinatown Community Children's Center - Chinatown Community Children's Center - North Beach,715 Chestnut St,San Francisco,CA,94133,DAY CARE CENTER,384002724,LICENSED,24,(415) 986-2528,7/1/2016,Yes,A - ELFA quality standards + licensed,Listed in San Francisco DEC's ELFA quality network and shown as LICENSED in the CDSS child care center export dated 2025-05-25.,"Screening category, not a standardized academic or review-site rating. Check current CCLD inspections/complaints, visit the site, and confirm age fit, availability, cost, staffing, and curriculum.",SF DEC ELFA directory,https://www.ccld.dss.ca.gov/carefacilitysearch/?Rewrite=FacDetail%2F384002724,https://data.ca.gov/dataset/community-care-licensing-facilities,https://legacy.sfdec.org/early-learning-for-all/early-learning-programs/,2025-05-25,2026-09-22,37.8032135,-122.4152264,715 CHESTNUT ST,Exact DataSF address,DataSF Enterprise Addressing System,2026-09-21
Community Preschool Grace Cathedral The,1100 California St,San Francisco,CA,94109,DAY CARE CENTER,384001831,LICENSED,30,(415) 573-8647,9/23/2008,Yes,A - ELFA quality standards + licensed,Listed in San Francisco DEC's ELFA quality network and shown as LICENSED in the CDSS child care center export dated 2025-05-25.,"Screening category, not a standardized academic or review-site rating. Check current CCLD inspections/complaints, visit the site, and confirm age fit, availability, cost, staffing, and curriculum.",SF DEC ELFA directory,https://www.ccld.dss.ca.gov/carefacilitysearch/?Rewrite=FacDetail%2F384001831,https://data.ca.gov/dataset/community-care-licensing-facilities,https://legacy.sfdec.org/early-learning-for-all/early-learning-programs/,2025-05-25,2026-09-22,37.7916487,-122.4133103,1100 CALIFORNIA ST,Exact DataSF address; source ZIP differs,DataSF Enterprise Addressing System,2026-09-21
Compass - Compass Children's Center,144 Leavenworth St,San Francisco,CA,94102,DAY CARE CENTER,384000988,LICENSED,45,415-644-0504 x3101,9/6/2002,Yes,A - ELFA quality standards + licensed,Listed in San Francisco DEC's ELFA quality network and shown as LICENSED in the CDSS child care center export dated 2025-05-25.,"Screening category, not a standardized academic or review-site rating. Check current CCLD inspections/complaints, visit the site, and confirm age fit, availability, cost, staffing, and curriculum.",SF DEC ELFA directory,https://www.ccld.dss.ca.gov/carefacilitysearch/?Rewrite=FacDetail%2F384000988,https://data.ca.gov/dataset/community-care-licensing-facilities,https://legacy.sfdec.org/early-learning-for-all/early-learning-programs/,2025-05-25,2026-09-22,37.7824293,-122.4137169,144 LEAVENWORTH ST,Exact DataSF address,DataSF Enterprise Addressing System,2026-09-21
Compass - Helen Hawk,111 Page St,San Francisco,CA,94102,DAY CARE CENTER,380506508,LICENSED,9,415-644-0504 x3102,1/31/1995,Yes,A - ELFA quality standards + licensed,Listed in San Francisco DEC's ELFA quality network and shown as LICENSED in the CDSS child care center export dated 2025-05-25.,"Screening category, not a standardized academic or review-site rating. Check current CCLD inspections/complaints, visit the site, and confirm age fit, availability, cost, staffing, and curriculum.",SF DEC ELFA directory,https://www.ccld.dss.ca.gov/carefacilitysearch/?Rewrite=FacDetail%2F380506508,https://data.ca.gov/dataset/community-care-licensing-facilities,https://legacy.sfdec.org/early-learning-for-all/early-learning-programs/,2025-05-25,2026-09-22,37.7737417,-122.4230438,111 PAGE ST,Exact DataSF address,DataSF Enterprise Addressing System,2026-09-21
Congregation Beth Sholom Preschool,301 14th Ave,San Francisco,CA,94118,DAY CARE CENTER,384000303,LICENSED,76,(415) 221-8736,9/15/1997,Yes,A - ELFA quality standards + licensed,Listed in San Francisco DEC's ELFA quality network and shown as LICENSED in the CDSS child care center export dated 2025-05-25.,"Screening category, not a standardized academic or review-site rating. Check current CCLD inspections/complaints, visit the site, and confirm age fit, availability, cost, staffing, and curriculum.",SF DEC ELFA directory,https://www.ccld.dss.ca.gov/carefacilitysearch/?Rewrite=FacDetail%2F384000303,https://data.ca.gov/dataset/community-care-licensing-facilities,https://legacy.sfdec.org/early-learning-for-all/early-learning-programs/,2025-05-25,2026-09-22,37.7823601,-122.4732048,301 14TH AVE,Exact DataSF address,DataSF Enterprise Addressing System,2026-09-21
Cross Cultural Family Center - 30th Avenue,741 30th Ave,San Francisco,CA,94121,DAY CARE CENTER,380505039,LICENSED,29,(415) 668-6539,8/6/1987,Yes,A - ELFA quality standards + licensed,Listed in San Francisco DEC's ELFA quality network and shown as LICENSED in the CDSS child care center export dated 2025-05-25.,"Screening category, not a standardized academic or review-site rating. Check current CCLD inspections/complaints, visit the site, and confirm age fit, availability, cost, staffing, and curriculum.",SF DEC ELFA directory,https://www.ccld.dss.ca.gov/carefacilitysearch/?Rewrite=FacDetail%2F380505039,https://data.ca.gov/dataset/community-care-licensing-facilities,https://legacy.sfdec.org/early-learning-for-all/early-learning-programs/,2025-05-25,2026-09-22,37.7751179,-122.4898858,741 30TH AVE,Exact DataSF address,DataSF Enterprise Addressing System,2026-09-21
Cross Cultural Family Center - 31st Avenue,750 31st Ave,San Francisco,CA,94121,DAY CARE CENTER,380504386,LICENSED,43,(415) 668-7863,1/20/1983,Yes,A - ELFA quality standards + licensed,Listed in San Francisco DEC's ELFA quality network and shown as LICENSED in the CDSS child care center export dated 2025-05-25.,"Screening category, not a standardized academic or review-site rating. Check current CCLD inspections/complaints, visit the site, and confirm age fit, availability, cost, staffing, and curriculum.",SF DEC ELFA directory,https://www.ccld.dss.ca.gov/carefacilitysearch/?Rewrite=FacDetail%2F380504386,https://data.ca.gov/dataset/community-care-licensing-facilities,https://legacy.sfdec.org/early-learning-for-all/early-learning-programs/,2025-05-25,2026-09-22,37.7750816,-122.4906805,750 31ST AVE,Exact DataSF address,DataSF Enterprise Addressing System,2026-09-21
Cross Cultural Family Center - Eddy Street,1672 Eddy St,San Francisco,CA,94115,DAY CARE CENTER,380504742,LICENSED,50,(415) 567-9126,3/10/1986,Yes,A - ELFA quality standards + licensed,Listed in San Francisco DEC's ELFA quality network and shown as LICENSED in the CDSS child care center export dated 2025-05-25.,"Screening category, not a standardized academic or review-site rating. Check current CCLD inspections/complaints, visit the site, and confirm age fit, availability, cost, staffing, and curriculum.",SF DEC ELFA directory,https://www.ccld.dss.ca.gov/carefacilitysearch/?Rewrite=FacDetail%2F380504742,https://data.ca.gov/dataset/community-care-licensing-facilities,https://legacy.sfdec.org/early-learning-for-all/early-learning-programs/,2025-05-25,2026-09-22,37.7811877,-122.43509,1672 EDDY ST,Exact DataSF address,DataSF Enterprise Addressing System,2026-09-21
Cross Cultural Family Center - Golden Gate,1455 Golden Gate Ave,San Francisco,CA,94115,DAY CARE CENTER,384004423,LICENSED,32,(415) 921-7019,7/23/2021,Yes,A - ELFA quality standards + licensed,Listed in San Francisco DEC's ELFA quality network and shown as LICENSED in the CDSS child care center export dated 2025-05-25.,"Screening category, not a standardized academic or review-site rating. Check current CCLD inspections/complaints, visit the site, and confirm age fit, availability, cost, staffing, and curriculum.",SF DEC ELFA directory,https://www.ccld.dss.ca.gov/carefacilitysearch/?Rewrite=FacDetail%2F384004423,https://data.ca.gov/dataset/community-care-licensing-facilities,https://legacy.sfdec.org/early-learning-for-all/early-learning-programs/,2025-05-25,2026-09-22,37.7789392,-122.4344321,1455 GOLDEN GATE AVE,Exact DataSF address,DataSF Enterprise Addressing System,2026-09-21
Cross Cultural Family Center - Heritage Center,245 Rey St,San Francisco,CA,94134,DAY CARE CENTER,384002239,LICENSED,20,(415) 921-7019,2/14/2012,Yes,A - ELFA quality standards + licensed,Listed in San Francisco DEC's ELFA quality network and shown as LICENSED in the CDSS child care center export dated 2025-05-25.,"Screening category, not a standardized academic or review-site rating. Check current CCLD inspections/complaints, visit the site, and confirm age fit, availability, cost, staffing, and curriculum.",SF DEC ELFA directory,https://www.ccld.dss.ca.gov/carefacilitysearch/?Rewrite=FacDetail%2F384002239,https://data.ca.gov/dataset/community-care-licensing-facilities,https://legacy.sfdec.org/early-learning-for-all/early-learning-programs/,2025-05-25,2026-09-22,37.7102121,-122.4125148,245 REY ST,Exact DataSF address,DataSF Enterprise Addressing System,2026-09-21
Cross Cultural Family Center - John King Center,500 Raymond Ave,San Francisco,CA,94134,DAY CARE CENTER,384002237,LICENSED,24,(415) 921-7019,2/1/2012,Yes,A - ELFA quality standards + licensed,Listed in San Francisco DEC's ELFA quality network and shown as LICENSED in the CDSS child care center export dated 2025-05-25.,"Screening category, not a standardized academic or review-site rating. Check current CCLD inspections/complaints, visit the site, and confirm age fit, availability, cost, staffing, and curriculum.",SF DEC ELFA directory,https://www.ccld.dss.ca.gov/carefacilitysearch/?Rewrite=FacDetail%2F384002237,https://data.ca.gov/dataset/community-care-licensing-facilities,https://legacy.sfdec.org/early-learning-for-all/early-learning-programs/,2025-05-25,2026-09-22,37.7154654,-122.4136398,500 RAYMOND AVE,Exact DataSF address,DataSF Enterprise Addressing System,2026-09-21
Cross Cultural Family Center - Leland Center,325 Leland Ave,San Francisco,CA,94132,DAY CARE CENTER,384002242,LICENSED,88,(415) 921-7019,2/1/2012,Yes,A - ELFA quality standards + licensed,Listed in San Francisco DEC's ELFA quality network and shown as LICENSED in the CDSS child care center export dated 2025-05-25.,"Screening category, not a standardized academic or review-site rating. Check current CCLD inspections/complaints, visit the site, and confirm age fit, availability, cost, staffing, and curriculum.",SF DEC ELFA directory,https://www.ccld.dss.ca.gov/carefacilitysearch/?Rewrite=FacDetail%2F384002242,https://data.ca.gov/dataset/community-care-licensing-facilities,https://legacy.sfdec.org/early-learning-for-all/early-learning-programs/,2025-05-25,2026-09-22,37.7129659,-122.4097444,325 LELAND AVE,Exact DataSF address; source ZIP differs,DataSF Enterprise Addressing System,2026-09-21
Cross Cultural Family Center - Raymond,50 Raymond,San Francisco,CA,94134,DAY CARE CENTER,384002448,LICENSED,40,(415) 921-7019,5/27/2015,Yes,A - ELFA quality standards + licensed,Listed in San Francisco DEC's ELFA quality network and shown as LICENSED in the CDSS child care center export dated 2025-05-25.,"Screening category, not a standardized academic or review-site rating. Check current CCLD inspections/complaints, visit the site, and confirm age fit, availability, cost, staffing, and curriculum.",SF DEC ELFA directory,https://www.ccld.dss.ca.gov/carefacilitysearch/?Rewrite=FacDetail%2F384002448,https://data.ca.gov/dataset/community-care-licensing-facilities,https://legacy.sfdec.org/early-learning-for-all/early-learning-programs/,2025-05-25,2026-09-22,37.7122515,-122.4042255,"50 RAYMOND AVE, SAN FRANCISCO, CA, 94134",US Census address match,US Census Geocoder Public_AR_Current,2026-09-22
Cross Cultural Family Center - Tucker Center,103 Tucker,San Francisco,CA,94134,DAY CARE CENTER,384002241,LICENSED,40,(415) 921-7019,2/1/2012,Yes,A - ELFA quality standards + licensed,Listed in San Francisco DEC's ELFA quality network and shown as LICENSED in the CDSS child care center export dated 2025-05-25.,"Screening category, not a standardized academic or review-site rating. Check current CCLD inspections/complaints, visit the site, and confirm age fit, availability, cost, staffing, and curriculum.",SF DEC ELFA directory,https://www.ccld.dss.ca.gov/carefacilitysearch/?Rewrite=FacDetail%2F384002241,https://data.ca.gov/dataset/community-care-licensing-facilities,https://legacy.sfdec.org/early-learning-for-all/early-learning-programs/,2025-05-25,2026-09-22,37.715902,-122.4060281,"103 TUCKER AVE, SAN FRANCISCO, CA, 94134",US Census address match,US Census Geocoder Public_AR_Current,2026-09-22
Cross Cultural Family Center - Turk Center,259 Turk St,San Francisco,CA,94102,DAY CARE CENTER,380506340,LICENSED,53,(415) 928-5178,1/21/1994,Yes,A - ELFA quality standards + licensed,Listed in San Francisco DEC's ELFA quality network and shown as LICENSED in the CDSS child care center export dated 2025-05-25.,"Screening category, not a standardized academic or review-site rating. Check current CCLD inspections/complaints, visit the site, and confirm age fit, availability, cost, staffing, and curriculum.",SF DEC ELFA directory,https://www.ccld.dss.ca.gov/carefacilitysearch/?Rewrite=FacDetail%2F380506340,https://data.ca.gov/dataset/community-care-licensing-facilities,https://legacy.sfdec.org/early-learning-for-all/early-learning-programs/,2025-05-25,2026-09-22,37.7827772,-122.4133176,259 TURK ST,Exact DataSF address,DataSF Enterprise Addressing System,2026-09-21
FACES SF - FACESSF - Bayview,100 Whitney Young Circle,San Francisco,CA,94124,DAY CARE CENTER,384002199,LICENSED,92,(415) 567-2357,6/30/2011,Yes,A - ELFA quality standards + licensed,Listed in San Francisco DEC's ELFA quality network and shown as LICENSED in the CDSS child care center export dated 2025-05-25.,"Screening category, not a standardized academic or review-site rating. Check current CCLD inspections/complaints, visit the site, and confirm age fit, availability, cost, staffing, and curriculum.",SF DEC ELFA directory,https://www.ccld.dss.ca.gov/carefacilitysearch/?Rewrite=FacDetail%2F384002199,https://data.ca.gov/dataset/community-care-licensing-facilities,https://legacy.sfdec.org/early-learning-for-all/early-learning-programs/,2025-05-25,2026-09-22,37.7340401,-122.3842132,100 WHITNEY YOUNG CIR,Exact DataSF address,DataSF Enterprise Addressing System,2026-09-21
FACES SF - FACESSF - Masonic,1101 Masonic Ave,San Francisco,CA,94117,DAY CARE CENTER,384002201,LICENSED,71,(415) 567-2357,6/30/2011,Yes,A - ELFA quality standards + licensed,Listed in San Francisco DEC's ELFA quality network and shown as LICENSED in the CDSS child care center export dated 2025-05-25.,"Screening category, not a standardized academic or review-site rating. Check current CCLD inspections/complaints, visit the site, and confirm age fit, availability, cost, staffing, and curriculum.",SF DEC ELFA directory,https://www.ccld.dss.ca.gov/carefacilitysearch/?Rewrite=FacDetail%2F384002201,https://data.ca.gov/dataset/community-care-licensing-facilities,https://legacy.sfdec.org/early-learning-for-all/early-learning-programs/,2025-05-25,2026-09-22,37.77089,-122.4458705,1101 MASONIC AVE,Exact DataSF address,DataSF Enterprise Addressing System,2026-09-21
Family Connections Centers - Excelsior Family Connections,5016 Mission St,San Francisco,CA,94112,DAY CARE CENTER,384004089,LICENSED,20,(415) 715-6746,12/2/2019,Yes,A - ELFA quality standards + licensed,Listed in San Francisco DEC's ELFA quality network and shown as LICENSED in the CDSS child care center export dated 2025-05-25.,"Screening category, not a standardized academic or review-site rating. Check current CCLD inspections/complaints, visit the site, and confirm age fit, availability, cost, staffing, and curriculum.",SF DEC ELFA directory,https://www.ccld.dss.ca.gov/carefacilitysearch/?Rewrite=FacDetail%2F384004089,https://data.ca.gov/dataset/community-care-licensing-facilities,https://legacy.sfdec.org/early-learning-for-all/early-learning-programs/,2025-05-25,2026-09-22,37.7183719,-122.4399316,5016 MISSION ST,Exact DataSF address,DataSF Enterprise Addressing System,2026-09-21
Family Connections Centers - Portola Family Connections - School (San Bruno Ave.),2565 San Bruno Ave,San Francisco,CA,94134,DAY CARE CENTER,384000274,LICENSED,18,(415) 715-6746,12/3/1998,Yes,A - ELFA quality standards + licensed,Listed in San Francisco DEC's ELFA quality network and shown as LICENSED in the CDSS child care center export dated 2025-05-25.,"Screening category, not a standardized academic or review-site rating. Check current CCLD inspections/complaints, visit the site, and confirm age fit, availability, cost, staffing, and curriculum.",SF DEC ELFA directory,https://www.ccld.dss.ca.gov/carefacilitysearch/?Rewrite=FacDetail%2F384000274,https://data.ca.gov/dataset/community-care-licensing-facilities,https://legacy.sfdec.org/early-learning-for-all/early-learning-programs/,2025-05-25,2026-09-22,37.7294586,-122.4041657,2565 SAN BRUNO AVE,Exact DataSF address,DataSF Enterprise Addressing System,2026-09-21
Felton Institute - Family Developmental Center - Merged with Hilltop FY 2016-17,2730 Bryant St,San Francisco,CA,94110,DAY CARE CENTER,380505568,LICENSED,83,(415) 282-1090,1/12/1990,Yes,A - ELFA quality standards + licensed,Listed in San Francisco DEC's ELFA quality network and shown as LICENSED in the CDSS child care center export dated 2025-05-25.,"Screening category, not a standardized academic or review-site rating. Check current CCLD inspections/complaints, visit the site, and confirm age fit, availability, cost, staffing, and curriculum.",SF DEC ELFA directory,https://www.ccld.dss.ca.gov/carefacilitysearch/?Rewrite=FacDetail%2F380505568,https://data.ca.gov/dataset/community-care-licensing-facilities,https://legacy.sfdec.org/early-learning-for-all/early-learning-programs/,2025-05-25,2026-09-22,37.7506565,-122.4091648,2730 BRYANT ST,Exact DataSF address,DataSF Enterprise Addressing System,2026-09-21
Felton Institute - MLK Center,200 Cashmere St,San Francisco,CA,94124,DAY CARE CENTER,384002727,LICENSED,38,(415) 401-1377,7/12/2016,Yes,A - ELFA quality standards + licensed,Listed in San Francisco DEC's ELFA quality network and shown as LICENSED in the CDSS child care center export dated 2025-05-25.,"Screening category, not a standardized academic or review-site rating. Check current CCLD inspections/complaints, visit the site, and confirm age fit, availability, cost, staffing, and curriculum.",SF DEC ELFA directory,https://www.ccld.dss.ca.gov/carefacilitysearch/?Rewrite=FacDetail%2F384002727,https://data.ca.gov/dataset/community-care-licensing-facilities,https://legacy.sfdec.org/early-learning-for-all/early-learning-programs/,2025-05-25,2026-09-22,37.7369234,-122.3860025,200 CASHMERE ST,Exact DataSF address,DataSF Enterprise Addressing System,2026-09-21
Friends of St. Francis Childcare Center - Friends of St. Francis Child Care Center,50 Belcher St,San Francisco,CA,94114,DAY CARE CENTER,380504229,LICENSED,38,(415) 861-1818,8/18/1983,Yes,A - ELFA quality standards + licensed,Listed in San Francisco DEC's ELFA quality network and shown as LICENSED in the CDSS child care center export dated 2025-05-25.,"Screening category, not a standardized academic or review-site rating. Check current CCLD inspections/complaints, visit the site, and confirm age fit, availability, cost, staffing, and curriculum.",SF DEC ELFA directory,https://www.ccld.dss.ca.gov/carefacilitysearch/?Rewrite=FacDetail%2F380504229,https://data.ca.gov/dataset/community-care-licensing-facilities,https://legacy.sfdec.org/early-learning-for-all/early-learning-programs/,2025-05-25,2026-09-22,37.7685873,-122.4303402,50 BELCHER ST,Exact DataSF address,DataSF Enterprise Addressing System,2026-09-21
Fun with Mandarin,327 Capitol Ave,San Francisco,CA,94112,DAY CARE CENTER,384004491,LICENSED,66,(415) 682-9509,10/31/2021,Yes,A - ELFA quality standards + licensed,Listed in San Francisco DEC's ELFA quality network and shown as LICENSED in the CDSS child care center export dated 2025-05-25.,"Screening category, not a standardized academic or review-site rating. Check current CCLD inspections/complaints, visit the site, and confirm age fit, availability, cost, staffing, and curriculum.",SF DEC ELFA directory,https://www.ccld.dss.ca.gov/carefacilitysearch/?Rewrite=FacDetail%2F384004491,https://data.ca.gov/dataset/community-care-licensing-facilities,https://legacy.sfdec.org/early-learning-for-all/early-learning-programs/,2025-05-25,2026-09-22,37.7135532,-122.4593027,327 CAPITOL AVE,Exact DataSF address,DataSF Enterprise Addressing System,2026-09-21
Glide Childcare & Family Support - Glide Child Care & Family Support,434 Ellis St,San Francisco,CA,94102,DAY CARE CENTER,384000531,LICENSED,42,(415) 674-6250,8/31/1999,Yes,A - ELFA quality standards + licensed,Listed in San Francisco DEC's ELFA quality network and shown as LICENSED in the CDSS child care center export dated 2025-05-25.,"Screening category, not a standardized academic or review-site rating. Check current CCLD inspections/complaints, visit the site, and confirm age fit, availability, cost, staffing, and curriculum.",SF DEC ELFA directory,https://www.ccld.dss.ca.gov/carefacilitysearch/?Rewrite=FacDetail%2F384000531,https://data.ca.gov/dataset/community-care-licensing-facilities,https://legacy.sfdec.org/early-learning-for-all/early-learning-programs/,2025-05-25,2026-09-22,37.785043,-122.4134552,434 ELLIS ST,Exact DataSF address,DataSF Enterprise Addressing System,2026-09-21
Good Samaritan Family Resource Center CDC - Folsom,2050 Folsom St.,San Francisco,CA,94110,DAY CARE CENTER,384004598,LICENSED,48,(415) 203-0341,2/8/2023,Yes,A - ELFA quality standards + licensed,Listed in San Francisco DEC's ELFA quality network and shown as LICENSED in the CDSS child care center export dated 2025-05-25.,"Screening category, not a standardized academic or review-site rating. Check current CCLD inspections/complaints, visit the site, and confirm age fit, availability, cost, staffing, and curriculum.",SF DEC ELFA directory,https://www.ccld.dss.ca.gov/carefacilitysearch/?Rewrite=FacDetail%2F384004598,https://data.ca.gov/dataset/community-care-licensing-facilities,https://legacy.sfdec.org/early-learning-for-all/early-learning-programs/,2025-05-25,2026-09-22,37.7644491,-122.4154043,2050 FOLSOM ST,Exact DataSF address,DataSF Enterprise Addressing System,2026-09-21
Good Samaritan Family Resource Center CDC - Potrero Ave,1294 Potrero Ave,San Francisco,CA,94110,DAY CARE CENTER,384000227,LICENSED,36,(415) 401-4245,7/30/1997,Yes,A - ELFA quality standards + licensed,Listed in San Francisco DEC's ELFA quality network and shown as LICENSED in the CDSS child care center export dated 2025-05-25.,"Screening category, not a standardized academic or review-site rating. Check current CCLD inspections/complaints, visit the site, and confirm age fit, availability, cost, staffing, and curriculum.",SF DEC ELFA directory,https://www.ccld.dss.ca.gov/carefacilitysearch/?Rewrite=FacDetail%2F384000227,https://data.ca.gov/dataset/community-care-licensing-facilities,https://legacy.sfdec.org/early-learning-for-all/early-learning-programs/,2025-05-25,2026-09-22,37.7518736,-122.4065693,1294 POTRERO AVE,Exact DataSF address,DataSF Enterprise Addressing System,2026-09-21
Growing Place Family Preschool & Parenting Center,1250 Quintara St,San Francisco,CA,94116,DAY CARE CENTER,384002631,LICENSED,58,(415) 418-6863,8/3/2015,Yes,A - ELFA quality standards + licensed,Listed in San Francisco DEC's ELFA quality network and shown as LICENSED in the CDSS child care center export dated 2025-05-25.,"Screening category, not a standardized academic or review-site rating. Check current CCLD inspections/complaints, visit the site, and confirm age fit, availability, cost, staffing, and curriculum.",SF DEC ELFA directory,https://www.ccld.dss.ca.gov/carefacilitysearch/?Rewrite=FacDetail%2F384002631,https://data.ca.gov/dataset/community-care-licensing-facilities,https://legacy.sfdec.org/early-learning-for-all/early-learning-programs/,2025-05-25,2026-09-22,37.7487599,-122.4790994,1250 QUINTARA ST,Exact DataSF address,DataSF Enterprise Addressing System,2026-09-21
Growing Tree School,1984 Great Highway,San Francisco,CA,94116,DAY CARE CENTER,384002454,LICENSED,73,(415) 682-8889,7/18/2014,Yes,A - ELFA quality standards + licensed,Listed in San Francisco DEC's ELFA quality network and shown as LICENSED in the CDSS child care center export dated 2025-05-25.,"Screening category, not a standardized academic or review-site rating. Check current CCLD inspections/complaints, visit the site, and confirm age fit, availability, cost, staffing, and curriculum.",SF DEC ELFA directory,https://www.ccld.dss.ca.gov/carefacilitysearch/?Rewrite=FacDetail%2F384002454,https://data.ca.gov/dataset/community-care-licensing-facilities,https://legacy.sfdec.org/early-learning-for-all/early-learning-programs/,2025-05-25,2026-09-22,37.7494656,-122.5076485,1984 GREAT HWY,Exact DataSF address,DataSF Enterprise Addressing System,2026-09-21
Holy Family Day Home,299 Dolores St,San Francisco,CA,94103,DAY CARE CENTER,380500308,LICENSED,150,415-861-5361 x205,1/4/1975,Yes,A - ELFA quality standards + licensed,Listed in San Francisco DEC's ELFA quality network and shown as LICENSED in the CDSS child care center export dated 2025-05-25.,"Screening category, not a standardized academic or review-site rating. Check current CCLD inspections/complaints, visit the site, and confirm age fit, availability, cost, staffing, and curriculum.",SF DEC ELFA directory,https://www.ccld.dss.ca.gov/carefacilitysearch/?Rewrite=FacDetail%2F380500308,https://data.ca.gov/dataset/community-care-licensing-facilities,https://legacy.sfdec.org/early-learning-for-all/early-learning-programs/,2025-05-25,2026-09-22,37.7649917,-122.4257975,299 DOLORES ST,Exact DataSF address,DataSF Enterprise Addressing System,2026-09-21
Just Kids Preschool,5727 Geary Blvd,San Francisco,CA,94121,DAY CARE CENTER,384004285,LICENSED,24,(415) 830-7898,11/13/2020,Yes,A - ELFA quality standards + licensed,Listed in San Francisco DEC's ELFA quality network and shown as LICENSED in the CDSS child care center export dated 2025-05-25.,"Screening category, not a standardized academic or review-site rating. Check current CCLD inspections/complaints, visit the site, and confirm age fit, availability, cost, staffing, and curriculum.",SF DEC ELFA directory,https://www.ccld.dss.ca.gov/carefacilitysearch/?Rewrite=FacDetail%2F384004285,https://data.ca.gov/dataset/community-care-licensing-facilities,https://legacy.sfdec.org/early-learning-for-all/early-learning-programs/,2025-05-25,2026-09-22,37.7799552,-122.4809628,5727 GEARY BLVD,Exact DataSF address,DataSF Enterprise Addressing System,2026-09-21
"Kai Ming, Inc. - Kai Ming Head Start - Broadway Center",820 Battery St,San Francisco,CA,94111,DAY CARE CENTER,384001838,LICENSED,20,(415) 982-4778,8/15/2008,Yes,A - ELFA quality standards + licensed,Listed in San Francisco DEC's ELFA quality network and shown as LICENSED in the CDSS child care center export dated 2025-05-25.,"Screening category, not a standardized academic or review-site rating. Check current CCLD inspections/complaints, visit the site, and confirm age fit, availability, cost, staffing, and curriculum.",SF DEC ELFA directory,https://www.ccld.dss.ca.gov/carefacilitysearch/?Rewrite=FacDetail%2F384001838,https://data.ca.gov/dataset/community-care-licensing-facilities,https://legacy.sfdec.org/early-learning-for-all/early-learning-programs/,2025-05-25,2026-09-22,37.7989225,-122.4009802,820 BATTERY ST,Exact DataSF address,DataSF Enterprise Addressing System,2026-09-21
"Kai Ming, Inc. - Kai Ming Head Start - Dr. T. Kong Lee",950 Powell St,San Francisco,CA,94108,DAY CARE CENTER,380505563,LICENSED,20,(415) 982-4782,1/25/1990,Yes,A - ELFA quality standards + licensed,Listed in San Francisco DEC's ELFA quality network and shown as LICENSED in the CDSS child care center export dated 2025-05-25.,"Screening category, not a standardized academic or review-site rating. Check current CCLD inspections/complaints, visit the site, and confirm age fit, availability, cost, staffing, and curriculum.",SF DEC ELFA directory,https://www.ccld.dss.ca.gov/carefacilitysearch/?Rewrite=FacDetail%2F380505563,https://data.ca.gov/dataset/community-care-licensing-facilities,https://legacy.sfdec.org/early-learning-for-all/early-learning-programs/,2025-05-25,2026-09-22,37.7934346,-122.4093216,950 POWELL ST,Exact DataSF address,DataSF Enterprise Addressing System,2026-09-21
"Kai Ming, Inc. - Kai Ming Head Start - Geary Center",6221 Geary Blvd,San Francisco,CA,94121,DAY CARE CENTER,384001291,LICENSED,49,(415) 982-4779,2/2/2004,Yes,A - ELFA quality standards + licensed,Listed in San Francisco DEC's ELFA quality network and shown as LICENSED in the CDSS child care center export dated 2025-05-25.,"Screening category, not a standardized academic or review-site rating. Check current CCLD inspections/complaints, visit the site, and confirm age fit, availability, cost, staffing, and curriculum.",SF DEC ELFA directory,https://www.ccld.dss.ca.gov/carefacilitysearch/?Rewrite=FacDetail%2F384001291,https://data.ca.gov/dataset/community-care-licensing-facilities,https://legacy.sfdec.org/early-learning-for-all/early-learning-programs/,2025-05-25,2026-09-22,37.7797218,-122.4861886,6221 GEARY BLVD,Exact DataSF address,DataSF Enterprise Addressing System,2026-09-21
"Kai Ming, Inc. - Kai Ming Head Start - North Beach Center",1170 Columbus Ave,San Francisco,CA,94133,DAY CARE CENTER,384001489,LICENSED,40,(415) 982-4780,8/8/2005,Yes,A - ELFA quality standards + licensed,Listed in San Francisco DEC's ELFA quality network and shown as LICENSED in the CDSS child care center export dated 2025-05-25.,"Screening category, not a standardized academic or review-site rating. Check current CCLD inspections/complaints, visit the site, and confirm age fit, availability, cost, staffing, and curriculum.",SF DEC ELFA directory,https://www.ccld.dss.ca.gov/carefacilitysearch/?Rewrite=FacDetail%2F384001489,https://data.ca.gov/dataset/community-care-licensing-facilities,https://legacy.sfdec.org/early-learning-for-all/early-learning-programs/,2025-05-25,2026-09-22,37.8051087,-122.4169277,1170 COLUMBUS AVE,Exact DataSF address,DataSF Enterprise Addressing System,2026-09-21
"Kai Ming, Inc. - Kai Ming Head Start - PMsquare Children's Center (Mission Bay)",671 China Basin St,San Francisco,CA,94158,DAY CARE CENTER,384004402,LICENSED,20,(415) 387-3688,4/27/2022,Yes,A - ELFA quality standards + licensed,Listed in San Francisco DEC's ELFA quality network and shown as LICENSED in the CDSS child care center export dated 2025-05-25.,"Screening category, not a standardized academic or review-site rating. Check current CCLD inspections/complaints, visit the site, and confirm age fit, availability, cost, staffing, and curriculum.",SF DEC ELFA directory,https://www.ccld.dss.ca.gov/carefacilitysearch/?Rewrite=FacDetail%2F384004402,https://data.ca.gov/dataset/community-care-licensing-facilities,https://legacy.sfdec.org/early-learning-for-all/early-learning-programs/,2025-05-25,2026-09-22,37.7717346,-122.3923388,671 CHINA BASIN ST,Exact DataSF address,DataSF Enterprise Addressing System,2026-09-21
"Kai Ming, Inc. - Kai Ming Head Start - Richmond Center",426 33rd Ave,San Francisco,CA,94121,DAY CARE CENTER,384001019,LICENSED,30,(415) 982-4781,2/14/2002,Yes,A - ELFA quality standards + licensed,Listed in San Francisco DEC's ELFA quality network and shown as LICENSED in the CDSS child care center export dated 2025-05-25.,"Screening category, not a standardized academic or review-site rating. Check current CCLD inspections/complaints, visit the site, and confirm age fit, availability, cost, staffing, and curriculum.",SF DEC ELFA directory,https://www.ccld.dss.ca.gov/carefacilitysearch/?Rewrite=FacDetail%2F384001019,https://data.ca.gov/dataset/community-care-licensing-facilities,https://legacy.sfdec.org/early-learning-for-all/early-learning-programs/,2025-05-25,2026-09-22,37.7810444,-122.4930799,426 33RD AVE,Exact DataSF address,DataSF Enterprise Addressing System,2026-09-21
"Kai Ming, Inc. - Kai Ming Head Start - St. Luke Center",1755 Clay St,San Francisco,CA,94109,DAY CARE CENTER,384002582,LICENSED,72,(415) 982-4784,11/24/2014,Yes,A - ELFA quality standards + licensed,Listed in San Francisco DEC's ELFA quality network and shown as LICENSED in the CDSS child care center export dated 2025-05-25.,"Screening category, not a standardized academic or review-site rating. Check current CCLD inspections/complaints, visit the site, and confirm age fit, availability, cost, staffing, and curriculum.",SF DEC ELFA directory,https://www.ccld.dss.ca.gov/carefacilitysearch/?Rewrite=FacDetail%2F384002582,https://data.ca.gov/dataset/community-care-licensing-facilities,https://legacy.sfdec.org/early-learning-for-all/early-learning-programs/,2025-05-25,2026-09-22,37.7921328,-122.4221618,1755 CLAY ST,Exact DataSF address,DataSF Enterprise Addressing System,2026-09-21
"Kai Ming, Inc. - Kai Ming Head Start - Sunset Center",2800 Taraval St,San Francisco,CA,94116,DAY CARE CENTER,384001393,LICENSED,45,(415) 982-4783,9/27/2004,Yes,A - ELFA quality standards + licensed,Listed in San Francisco DEC's ELFA quality network and shown as LICENSED in the CDSS child care center export dated 2025-05-25.,"Screening category, not a standardized academic or review-site rating. Check current CCLD inspections/complaints, visit the site, and confirm age fit, availability, cost, staffing, and curriculum.",SF DEC ELFA directory,https://www.ccld.dss.ca.gov/carefacilitysearch/?Rewrite=FacDetail%2F384001393,https://data.ca.gov/dataset/community-care-licensing-facilities,https://legacy.sfdec.org/early-learning-for-all/early-learning-programs/,2025-05-25,2026-09-22,37.7423918,-122.4962764,2800 TARAVAL ST,Exact DataSF address,DataSF Enterprise Addressing System,2026-09-21
"Kai Ming, Inc. - Kai Ming Rainbow Infant/Toddler Center",799 Pacific Ave,San Francisco,CA,94133,DAY CARE CENTER,384002726,LICENSED,20,(415) 982-4785,7/1/2016,Yes,A - ELFA quality standards + licensed,Listed in San Francisco DEC's ELFA quality network and shown as LICENSED in the CDSS child care center export dated 2025-05-25.,"Screening category, not a standardized academic or review-site rating. Check current CCLD inspections/complaints, visit the site, and confirm age fit, availability, cost, staffing, and curriculum.",SF DEC ELFA directory,https://www.ccld.dss.ca.gov/carefacilitysearch/?Rewrite=FacDetail%2F384002726,https://data.ca.gov/dataset/community-care-licensing-facilities,https://legacy.sfdec.org/early-learning-for-all/early-learning-programs/,2025-05-25,2026-09-22,37.7966314,-122.4082422,799 PACIFIC AVE,Exact DataSF address,DataSF Enterprise Addressing System,2026-09-21
Kangaroos Preschool II,298 Monterey Boulevard,San Francisco,CA,94131,DAY CARE CENTER,384002312,LICENSED,39,(415) 333-4452,1/10/2013,Yes,A - ELFA quality standards + licensed,Listed in San Francisco DEC's ELFA quality network and shown as LICENSED in the CDSS child care center export dated 2025-05-25.,"Screening category, not a standardized academic or review-site rating. Check current CCLD inspections/complaints, visit the site, and confirm age fit, availability, cost, staffing, and curriculum.",SF DEC ELFA directory,https://www.ccld.dss.ca.gov/carefacilitysearch/?Rewrite=FacDetail%2F384002312,https://data.ca.gov/dataset/community-care-licensing-facilities,https://legacy.sfdec.org/early-learning-for-all/early-learning-programs/,2025-05-25,2026-09-22,37.7317288,-122.4418348,298 MONTEREY BLVD,Exact DataSF address,DataSF Enterprise Addressing System,2026-09-21
Krouzian-Zekarian-Vasbourgan Armenian Preschool - KZV Armenian Preschool,825 Brotherhood Way,San Francisco,CA,94132,DAY CARE CENTER,380505320,LICENSED,42,(415) 586-8686,11/29/1989,Yes,A - ELFA quality standards + licensed,Listed in San Francisco DEC's ELFA quality network and shown as LICENSED in the CDSS child care center export dated 2025-05-25.,"Screening category, not a standardized academic or review-site rating. Check current CCLD inspections/complaints, visit the site, and confirm age fit, availability, cost, staffing, and curriculum.",SF DEC ELFA directory,https://www.ccld.dss.ca.gov/carefacilitysearch/?Rewrite=FacDetail%2F380505320,https://data.ca.gov/dataset/community-care-licensing-facilities,https://legacy.sfdec.org/early-learning-for-all/early-learning-programs/,2025-05-25,2026-09-22,37.7138405,-122.4783178,825 BROTHERHOOD WAY,Exact DataSF address,DataSF Enterprise Addressing System,2026-09-21
"L 'Academy - L 'Academy, Nob Hill",1868 Van Ness Avenue Apt C101,San Francisco,CA,94109,DAY CARE CENTER,384004192,LICENSED,26,(415) 706-2559,2/25/2020,Yes,A - ELFA quality standards + licensed,Listed in San Francisco DEC's ELFA quality network and shown as LICENSED in the CDSS child care center export dated 2025-05-25.,"Screening category, not a standardized academic or review-site rating. Check current CCLD inspections/complaints, visit the site, and confirm age fit, availability, cost, staffing, and curriculum.",SF DEC ELFA directory,https://www.ccld.dss.ca.gov/carefacilitysearch/?Rewrite=FacDetail%2F384004192,https://data.ca.gov/dataset/community-care-licensing-facilities,https://legacy.sfdec.org/early-learning-for-all/early-learning-programs/,2025-05-25,2026-09-22,37.7929123,-122.4225426,1868 VAN NESS AVE,Exact DataSF address,DataSF Enterprise Addressing System,2026-09-21
L' Academy - L' Academy CPMC,1040 & 1060 Geary Blvd,San Francisco,CA,94109,DAY CARE CENTER,384004574,LICENSED,24,(415) 757-0556,7/21/2022,Yes,A - ELFA quality standards + licensed,Listed in San Francisco DEC's ELFA quality network and shown as LICENSED in the CDSS child care center export dated 2025-05-25.,"Screening category, not a standardized academic or review-site rating. Check current CCLD inspections/complaints, visit the site, and confirm age fit, availability, cost, staffing, and curriculum.",SF DEC ELFA directory,https://www.ccld.dss.ca.gov/carefacilitysearch/?Rewrite=FacDetail%2F384004574,https://data.ca.gov/dataset/community-care-licensing-facilities,https://legacy.sfdec.org/early-learning-for-all/early-learning-programs/,2025-05-25,2026-09-22,37.7858349,-122.4206827,"1060 GEARY ST, SAN FRANCISCO, CA, 94109",US Census address match,US Census Geocoder Public_AR_Current,2026-09-22
L' Academy - L' Academy Hayes Valley,200 Kansas St,San Francisco,CA,94103,SINGLE LICENSED CHILD CARE CENTER,384004837,LICENSED,152,(415) 658-7817,5/29/2024,Yes,A - ELFA quality standards + licensed,Listed in San Francisco DEC's ELFA quality network and shown as LICENSED in the CDSS child care center export dated 2025-05-25.,"Screening category, not a standardized academic or review-site rating. Check current CCLD inspections/complaints, visit the site, and confirm age fit, availability, cost, staffing, and curriculum.",SF DEC ELFA directory,https://www.ccld.dss.ca.gov/carefacilitysearch/?Rewrite=FacDetail%2F384004837,https://data.ca.gov/dataset/community-care-licensing-facilities,https://legacy.sfdec.org/early-learning-for-all/early-learning-programs/,2025-05-25,2026-09-22,37.7667305,-122.4042145,200 KANSAS ST,Exact DataSF address,DataSF Enterprise Addressing System,2026-09-21
"L'Academy - L'Academy, SOMA",322 8th st and 55 Ringold St,San Francisco,CA,94103,DAY CARE CENTER,384004297,LICENSED,39,(415) 819-6922,10/29/2020,Yes,A - ELFA quality standards + licensed,Listed in San Francisco DEC's ELFA quality network and shown as LICENSED in the CDSS child care center export dated 2025-05-25.,"Screening category, not a standardized academic or review-site rating. Check current CCLD inspections/complaints, visit the site, and confirm age fit, availability, cost, staffing, and curriculum.",SF DEC ELFA directory,https://www.ccld.dss.ca.gov/carefacilitysearch/?Rewrite=FacDetail%2F384004297,https://data.ca.gov/dataset/community-care-licensing-facilities,https://legacy.sfdec.org/early-learning-for-all/early-learning-programs/,2025-05-25,2026-09-22,37.7742958,-122.4094814,322 08TH ST,DataSF normalized street match,DataSF Enterprise Addressing System,2026-09-21
Little Children's Development Center,1223 Webster St,San Francisco,CA,94115,DAY CARE CENTER,384000818,LICENSED,19,(415) 921-5517,10/23/2000,Yes,A - ELFA quality standards + licensed,Listed in San Francisco DEC's ELFA quality network and shown as LICENSED in the CDSS child care center export dated 2025-05-25.,"Screening category, not a standardized academic or review-site rating. Check current CCLD inspections/complaints, visit the site, and confirm age fit, availability, cost, staffing, and curriculum.",SF DEC ELFA directory,https://www.ccld.dss.ca.gov/carefacilitysearch/?Rewrite=FacDetail%2F384000818,https://data.ca.gov/dataset/community-care-licensing-facilities,https://legacy.sfdec.org/early-learning-for-all/early-learning-programs/,2025-05-25,2026-09-22,37.7819554,-122.4310447,1223 WEBSTER ST,Exact DataSF address,DataSF Enterprise Addressing System,2026-09-21
Little Footprints Preschool,2201 Vicente St,San Francisco,CA,94116,DAY CARE CENTER,384002156,LICENSED,80,(415) 200-8607,4/30/2011,Yes,A - ELFA quality standards + licensed,Listed in San Francisco DEC's ELFA quality network and shown as LICENSED in the CDSS child care center export dated 2025-05-25.,"Screening category, not a standardized academic or review-site rating. Check current CCLD inspections/complaints, visit the site, and confirm age fit, availability, cost, staffing, and curriculum.",SF DEC ELFA directory,https://www.ccld.dss.ca.gov/carefacilitysearch/?Rewrite=FacDetail%2F384002156,https://data.ca.gov/dataset/community-care-licensing-facilities,https://legacy.sfdec.org/early-learning-for-all/early-learning-programs/,2025-05-25,2026-09-22,37.7385276,-122.4907094,2201 VICENTE ST,Exact DataSF address,DataSF Enterprise Addressing System,2026-09-21
Little Footprints Preschool - Oceanview,306 Randolph St (2nd floor),San Francisco,CA,94132,DAY CARE CENTER,384003083,LICENSED,104,(415) 200-8607,7/27/2018,Yes,A - ELFA quality standards + licensed,Listed in San Francisco DEC's ELFA quality network and shown as LICENSED in the CDSS child care center export dated 2025-05-25.,"Screening category, not a standardized academic or review-site rating. Check current CCLD inspections/complaints, visit the site, and confirm age fit, availability, cost, staffing, and curriculum.",SF DEC ELFA directory,https://www.ccld.dss.ca.gov/carefacilitysearch/?Rewrite=FacDetail%2F384003083,https://data.ca.gov/dataset/community-care-licensing-facilities,https://legacy.sfdec.org/early-learning-for-all/early-learning-programs/,2025-05-25,2026-09-22,37.7144977,-122.4655788,306 RANDOLPH ST,Exact DataSF address,DataSF Enterprise Addressing System,2026-09-21
Little Panda Preschool,205 Granada Avenue,San Francisco,CA,94112,DAY CARE CENTER,384004387,LICENSED,58,(415) 990-1930,5/19/2021,Yes,A - ELFA quality standards + licensed,Listed in San Francisco DEC's ELFA quality network and shown as LICENSED in the CDSS child care center export dated 2025-05-25.,"Screening category, not a standardized academic or review-site rating. Check current CCLD inspections/complaints, visit the site, and confirm age fit, availability, cost, staffing, and curriculum.",SF DEC ELFA directory,https://www.ccld.dss.ca.gov/carefacilitysearch/?Rewrite=FacDetail%2F384004387,https://data.ca.gov/dataset/community-care-licensing-facilities,https://legacy.sfdec.org/early-learning-for-all/early-learning-programs/,2025-05-25,2026-09-22,37.7220143,-122.4573607,205 GRANADA AVE,Exact DataSF address,DataSF Enterprise Addressing System,2026-09-21
"Little Robles Irving, LLC",1319 20th Ave,San Francisco,CA,94122,DAY CARE CENTER,384004603,LICENSED,45,(305) 926-7573,3/29/2023,Yes,A - ELFA quality standards + licensed,Listed in San Francisco DEC's ELFA quality network and shown as LICENSED in the CDSS child care center export dated 2025-05-25.,"Screening category, not a standardized academic or review-site rating. Check current CCLD inspections/complaints, visit the site, and confirm age fit, availability, cost, staffing, and curriculum.",SF DEC ELFA directory,https://www.ccld.dss.ca.gov/carefacilitysearch/?Rewrite=FacDetail%2F384004603,https://data.ca.gov/dataset/community-care-licensing-facilities,https://legacy.sfdec.org/early-learning-for-all/early-learning-programs/,2025-05-25,2026-09-22,37.7632312,-122.4783119,1319 20TH AVE,Exact DataSF address,DataSF Enterprise Addressing System,2026-09-21
Little School,1520 Lyon St,San Francisco,CA,94115,DAY CARE CENTER,384000125,LICENSED,125,(415) 567-0430,4/15/1996,Yes,A - ELFA quality standards + licensed,Listed in San Francisco DEC's ELFA quality network and shown as LICENSED in the CDSS child care center export dated 2025-05-25.,"Screening category, not a standardized academic or review-site rating. Check current CCLD inspections/complaints, visit the site, and confirm age fit, availability, cost, staffing, and curriculum.",SF DEC ELFA directory,https://www.ccld.dss.ca.gov/carefacilitysearch/?Rewrite=FacDetail%2F384000125,https://data.ca.gov/dataset/community-care-licensing-facilities,https://legacy.sfdec.org/early-learning-for-all/early-learning-programs/,2025-05-25,2026-09-22,37.7851363,-122.4447172,1520 LYON ST,Exact DataSF address,DataSF Enterprise Addressing System,2026-09-21
Meaningful Beginnings Development Ctr,254 Laguna Honda Blvd,San Francisco,CA,94116,DAY CARE CENTER,384004440,LICENSED,46,(415) 572-6376,1/4/2022,Yes,A - ELFA quality standards + licensed,Listed in San Francisco DEC's ELFA quality network and shown as LICENSED in the CDSS child care center export dated 2025-05-25.,"Screening category, not a standardized academic or review-site rating. Check current CCLD inspections/complaints, visit the site, and confirm age fit, availability, cost, staffing, and curriculum.",SF DEC ELFA directory,https://www.ccld.dss.ca.gov/carefacilitysearch/?Rewrite=FacDetail%2F384004440,https://data.ca.gov/dataset/community-care-licensing-facilities,https://legacy.sfdec.org/early-learning-for-all/early-learning-programs/,2025-05-25,2026-09-22,37.7494883,-122.4610073,254 LAGUNA HONDA BLVD,Exact DataSF address,DataSF Enterprise Addressing System,2026-09-21
Mission Child Care Consortium,4750 Mission St,San Francisco,CA,94112,DAY CARE CENTER,380505833,LICENSED,224,(415) 586-6139,4/20/1992,Yes,A - ELFA quality standards + licensed,Listed in San Francisco DEC's ELFA quality network and shown as LICENSED in the CDSS child care center export dated 2025-05-25.,"Screening category, not a standardized academic or review-site rating. Check current CCLD inspections/complaints, visit the site, and confirm age fit, availability, cost, staffing, and curriculum.",SF DEC ELFA directory,https://www.ccld.dss.ca.gov/carefacilitysearch/?Rewrite=FacDetail%2F380505833,https://data.ca.gov/dataset/community-care-licensing-facilities,https://legacy.sfdec.org/early-learning-for-all/early-learning-programs/,2025-05-25,2026-09-22,37.7222559,-122.4372822,4750 MISSION ST,Exact DataSF address,DataSF Enterprise Addressing System,2026-09-21
Mission Kids - Mission Kids Co-op,969 Treat Ave.,San Francisco,CA,94110,DAY CARE CENTER,384004339,LICENSED,96,(415) 970-9027,2/4/2021,Yes,A - ELFA quality standards + licensed,Listed in San Francisco DEC's ELFA quality network and shown as LICENSED in the CDSS child care center export dated 2025-05-25.,"Screening category, not a standardized academic or review-site rating. Check current CCLD inspections/complaints, visit the site, and confirm age fit, availability, cost, staffing, and curriculum.",SF DEC ELFA directory,https://www.ccld.dss.ca.gov/carefacilitysearch/?Rewrite=FacDetail%2F384004339,https://data.ca.gov/dataset/community-care-licensing-facilities,https://legacy.sfdec.org/early-learning-for-all/early-learning-programs/,2025-05-25,2026-09-22,37.7548119,-122.4128198,969 TREAT AVE,Exact DataSF address,DataSF Enterprise Addressing System,2026-09-21
Mission Montessori School,"50 Fell Street, 94102",San Francisco,CA,94102,DAY CARE CENTER,384004587,LICENSED,120,(415) 805-8315,6/22/2023,Yes,A - ELFA quality standards + licensed,Listed in San Francisco DEC's ELFA quality network and shown as LICENSED in the CDSS child care center export dated 2025-05-25.,"Screening category, not a standardized academic or review-site rating. Check current CCLD inspections/complaints, visit the site, and confirm age fit, availability, cost, staffing, and curriculum.",SF DEC ELFA directory,https://www.ccld.dss.ca.gov/carefacilitysearch/?Rewrite=FacDetail%2F384004587,https://data.ca.gov/dataset/community-care-licensing-facilities,https://legacy.sfdec.org/early-learning-for-all/early-learning-programs/,2025-05-25,2026-09-22,37.7767191,-122.4188108,50 FELL ST,Exact DataSF address,DataSF Enterprise Addressing System,2026-09-21
"Mission Neighborhood Centers, Inc. - 18th St Center",3543 18th St,San Francisco,CA,94110,DAY CARE CENTER,384000867,LICENSED,23,415-206-7752 x2029,1/10/2001,Yes,A - ELFA quality standards + licensed,Listed in San Francisco DEC's ELFA quality network and shown as LICENSED in the CDSS child care center export dated 2025-05-25.,"Screening category, not a standardized academic or review-site rating. Check current CCLD inspections/complaints, visit the site, and confirm age fit, availability, cost, staffing, and curriculum.",SF DEC ELFA directory,https://www.ccld.dss.ca.gov/carefacilitysearch/?Rewrite=FacDetail%2F384000867,https://data.ca.gov/dataset/community-care-licensing-facilities,https://legacy.sfdec.org/early-learning-for-all/early-learning-programs/,2025-05-25,2026-09-22,37.76142,-122.4226186,3543 18TH ST,Exact DataSF address,DataSF Enterprise Addressing System,2026-09-21
"Mission Neighborhood Centers, Inc. - Alegria Center",1245 Alabama St,San Francisco,CA,94110,DAY CARE CENTER,384002718,LICENSED,55,415-206-7752 x2030,8/10/2016,Yes,A - ELFA quality standards + licensed,Listed in San Francisco DEC's ELFA quality network and shown as LICENSED in the CDSS child care center export dated 2025-05-25.,"Screening category, not a standardized academic or review-site rating. Check current CCLD inspections/complaints, visit the site, and confirm age fit, availability, cost, staffing, and curriculum.",SF DEC ELFA directory,https://www.ccld.dss.ca.gov/carefacilitysearch/?Rewrite=FacDetail%2F384002718,https://data.ca.gov/dataset/community-care-licensing-facilities,https://legacy.sfdec.org/early-learning-for-all/early-learning-programs/,2025-05-25,2026-09-22,37.7520021,-122.4105767,1245 ALABAMA ST,Exact DataSF address,DataSF Enterprise Addressing System,2026-09-21
"Mission Neighborhood Centers, Inc. - Alemany Center",956 Ellsworth St,San Francisco,CA,94110,DAY CARE CENTER,384002539,LICENSED,18,415-206-7752 x2022,8/19/2014,Yes,A - ELFA quality standards + licensed,Listed in San Francisco DEC's ELFA quality network and shown as LICENSED in the CDSS child care center export dated 2025-05-25.,"Screening category, not a standardized academic or review-site rating. Check current CCLD inspections/complaints, visit the site, and confirm age fit, availability, cost, staffing, and curriculum.",SF DEC ELFA directory,https://www.ccld.dss.ca.gov/carefacilitysearch/?Rewrite=FacDetail%2F384002539,https://data.ca.gov/dataset/community-care-licensing-facilities,https://legacy.sfdec.org/early-learning-for-all/early-learning-programs/,2025-05-25,2026-09-22,37.7329458,-122.4178888,956 ELLSWORTH ST,Exact DataSF address,DataSF Enterprise Addressing System,2026-09-21
"Mission Neighborhood Centers, Inc. - Bayview Center",1337 Evans Ave,San Francisco,CA,94124,DAY CARE CENTER,384001834,LICENSED,32,415-206-7752 x2026,5/11/2009,Yes,A - ELFA quality standards + licensed,Listed in San Francisco DEC's ELFA quality network and shown as LICENSED in the CDSS child care center export dated 2025-05-25.,"Screening category, not a standardized academic or review-site rating. Check current CCLD inspections/complaints, visit the site, and confirm age fit, availability, cost, staffing, and curriculum.",SF DEC ELFA directory,https://www.ccld.dss.ca.gov/carefacilitysearch/?Rewrite=FacDetail%2F384001834,https://data.ca.gov/dataset/community-care-licensing-facilities,https://legacy.sfdec.org/early-learning-for-all/early-learning-programs/,2025-05-25,2026-09-22,37.7400396,-122.3837088,1337 EVANS AVE,Exact DataSF address,DataSF Enterprise Addressing System,2026-09-21
"Mission Neighborhood Centers, Inc. - Bernal Center",3141 & 3125 26th St,San Francisco,CA,94110,DAY CARE CENTER,384001017,LICENSED,40,415-206-7752 x2021,4/4/2002,Yes,A - ELFA quality standards + licensed,Listed in San Francisco DEC's ELFA quality network and shown as LICENSED in the CDSS child care center export dated 2025-05-25.,"Screening category, not a standardized academic or review-site rating. Check current CCLD inspections/complaints, visit the site, and confirm age fit, availability, cost, staffing, and curriculum.",SF DEC ELFA directory,https://www.ccld.dss.ca.gov/carefacilitysearch/?Rewrite=FacDetail%2F384001017,https://data.ca.gov/dataset/community-care-licensing-facilities,https://legacy.sfdec.org/early-learning-for-all/early-learning-programs/,2025-05-25,2026-09-22,37.7492449,-122.4129295,3141 26TH ST,Exact DataSF address,DataSF Enterprise Addressing System,2026-09-21
"Mission Neighborhood Centers, Inc. - Excelsior Center",459 Vienna St,San Francisco,CA,94112,DAY CARE CENTER,384001206,LICENSED,24,415-206-7752 x2024,6/20/2003,Yes,A - ELFA quality standards + licensed,Listed in San Francisco DEC's ELFA quality network and shown as LICENSED in the CDSS child care center export dated 2025-05-25.,"Screening category, not a standardized academic or review-site rating. Check current CCLD inspections/complaints, visit the site, and confirm age fit, availability, cost, staffing, and curriculum.",SF DEC ELFA directory,https://www.ccld.dss.ca.gov/carefacilitysearch/?Rewrite=FacDetail%2F384001206,https://data.ca.gov/dataset/community-care-licensing-facilities,https://legacy.sfdec.org/early-learning-for-all/early-learning-programs/,2025-05-25,2026-09-22,37.7209527,-122.4296962,459 VIENNA ST,Exact DataSF address,DataSF Enterprise Addressing System,2026-09-21
"Mission Neighborhood Centers, Inc. - Mission Bay Center",152 Berry St,San Francisco,CA,94107,SINGLE LICENSED CHILD CARE CENTER,384004903,LICENSED,32,415-206-7752 x2025,12/13/2024,Yes,A - ELFA quality standards + licensed,Listed in San Francisco DEC's ELFA quality network and shown as LICENSED in the CDSS child care center export dated 2025-05-25.,"Screening category, not a standardized academic or review-site rating. Check current CCLD inspections/complaints, visit the site, and confirm age fit, availability, cost, staffing, and curriculum.",SF DEC ELFA directory,https://www.ccld.dss.ca.gov/carefacilitysearch/?Rewrite=FacDetail%2F384004903,https://data.ca.gov/dataset/community-care-licensing-facilities,https://legacy.sfdec.org/early-learning-for-all/early-learning-programs/,2025-05-25,2026-09-22,37.7767594,-122.3922584,152 BERRY ST,Exact DataSF address,DataSF Enterprise Addressing System,2026-09-21
"Mission Neighborhood Centers, Inc. - Mission Campus",1954 Mission St,San Francisco,CA,94103,DAY CARE CENTER,384004393,LICENSED,20,415-206-7755 x1901,6/3/2021,Yes,A - ELFA quality standards + licensed,Listed in San Francisco DEC's ELFA quality network and shown as LICENSED in the CDSS child care center export dated 2025-05-25.,"Screening category, not a standardized academic or review-site rating. Check current CCLD inspections/complaints, visit the site, and confirm age fit, availability, cost, staffing, and curriculum.",SF DEC ELFA directory,https://www.ccld.dss.ca.gov/carefacilitysearch/?Rewrite=FacDetail%2F384004393,https://data.ca.gov/dataset/community-care-licensing-facilities,https://legacy.sfdec.org/early-learning-for-all/early-learning-programs/,2025-05-25,2026-09-22,37.7658573,-122.4202244,1954 MISSION ST,Exact DataSF address,DataSF Enterprise Addressing System,2026-09-21
"Mission Neighborhood Centers, Inc. - Stevenson Head Start",1330 Stevenson St,San Francisco,CA,94103,DAY CARE CENTER,384000731,LICENSED,20,415-206-7752 x2027,1/11/2000,Yes,A - ELFA quality standards + licensed,Listed in San Francisco DEC's ELFA quality network and shown as LICENSED in the CDSS child care center export dated 2025-05-25.,"Screening category, not a standardized academic or review-site rating. Check current CCLD inspections/complaints, visit the site, and confirm age fit, availability, cost, staffing, and curriculum.",SF DEC ELFA directory,https://www.ccld.dss.ca.gov/carefacilitysearch/?Rewrite=FacDetail%2F384000731,https://data.ca.gov/dataset/community-care-licensing-facilities,https://legacy.sfdec.org/early-learning-for-all/early-learning-programs/,2025-05-25,2026-09-22,37.7712453,-122.4218367,1330 STEVENSON ST,Exact DataSF address,DataSF Enterprise Addressing System,2026-09-21
New Journey Mandarin Immersion Preschool & Childcare Center - Richmond Campus,3198 Fulton St,San Francisco,CA,94118,SINGLE LICENSED CHILD CARE CENTER,384004873,LICENSED,30,(415) 670-0996,11/8/2024,Yes,A - ELFA quality standards + licensed,Listed in San Francisco DEC's ELFA quality network and shown as LICENSED in the CDSS child care center export dated 2025-05-25.,"Screening category, not a standardized academic or review-site rating. Check current CCLD inspections/complaints, visit the site, and confirm age fit, availability, cost, staffing, and curriculum.",SF DEC ELFA directory,https://www.ccld.dss.ca.gov/carefacilitysearch/?Rewrite=FacDetail%2F384004873,https://data.ca.gov/dataset/community-care-licensing-facilities,https://legacy.sfdec.org/early-learning-for-all/early-learning-programs/,2025-05-25,2026-09-22,37.7735722,-122.4657298,3198 FULTON ST,Exact DataSF address,DataSF Enterprise Addressing System,2026-09-21
New Journey Mandarin Immersion Preschool & Childcare Center - Sunset Campus,1278A 20th Avenue,San Francisco,CA,94122,DAY CARE CENTER,384004581,LICENSED,40,(415) 670-0996,9/8/2022,Yes,A - ELFA quality standards + licensed,Listed in San Francisco DEC's ELFA quality network and shown as LICENSED in the CDSS child care center export dated 2025-05-25.,"Screening category, not a standardized academic or review-site rating. Check current CCLD inspections/complaints, visit the site, and confirm age fit, availability, cost, staffing, and curriculum.",SF DEC ELFA directory,https://www.ccld.dss.ca.gov/carefacilitysearch/?Rewrite=FacDetail%2F384004581,https://data.ca.gov/dataset/community-care-licensing-facilities,https://legacy.sfdec.org/early-learning-for-all/early-learning-programs/,2025-05-25,2026-09-22,37.7639507,-122.4778946,1278 20TH AVE,DataSF base address,DataSF Enterprise Addressing System,2026-09-21
Nihonmachi Little Friends - Nihonmachi Little Friends - Sutter Site,1830 Sutter St,San Francisco,CA,94115,DAY CARE CENTER,380504776,LICENSED,91,(415) 922-4060,6/1/1987,Yes,A - ELFA quality standards + licensed,Listed in San Francisco DEC's ELFA quality network and shown as LICENSED in the CDSS child care center export dated 2025-05-25.,"Screening category, not a standardized academic or review-site rating. Check current CCLD inspections/complaints, visit the site, and confirm age fit, availability, cost, staffing, and curriculum.",SF DEC ELFA directory,https://www.ccld.dss.ca.gov/carefacilitysearch/?Rewrite=FacDetail%2F380504776,https://data.ca.gov/dataset/community-care-licensing-facilities,https://legacy.sfdec.org/early-learning-for-all/early-learning-programs/,2025-05-25,2026-09-22,37.7867168,-122.4305603,1830 SUTTER ST,Exact DataSF address,DataSF Enterprise Addressing System,2026-09-21
One Fifty Parker - One Fifty Parker Avenue Nursery School,150 Parker Ave,San Francisco,CA,94118,DAY CARE CENTER,380500487,LICENSED,35,(415) 221-0294,6/29/1994,Yes,A - ELFA quality standards + licensed,Listed in San Francisco DEC's ELFA quality network and shown as LICENSED in the CDSS child care center export dated 2025-05-25.,"Screening category, not a standardized academic or review-site rating. Check current CCLD inspections/complaints, visit the site, and confirm age fit, availability, cost, staffing, and curriculum.",SF DEC ELFA directory,https://www.ccld.dss.ca.gov/carefacilitysearch/?Rewrite=FacDetail%2F380500487,https://data.ca.gov/dataset/community-care-licensing-facilities,https://legacy.sfdec.org/early-learning-for-all/early-learning-programs/,2025-05-25,2026-09-22,37.7828184,-122.4540976,150 PARKER AVE,Exact DataSF address,DataSF Enterprise Addressing System,2026-09-21
Pacific Primary - Pacific Primary - Orange Sun Campus,1501 Grove St,San Francisco,CA,94117,DAY CARE CENTER,384001816,LICENSED,75,(415) 409-1961,8/26/2008,Yes,A - ELFA quality standards + licensed,Listed in San Francisco DEC's ELFA quality network and shown as LICENSED in the CDSS child care center export dated 2025-05-25.,"Screening category, not a standardized academic or review-site rating. Check current CCLD inspections/complaints, visit the site, and confirm age fit, availability, cost, staffing, and curriculum.",SF DEC ELFA directory,https://www.ccld.dss.ca.gov/carefacilitysearch/?Rewrite=FacDetail%2F384001816,https://data.ca.gov/dataset/community-care-licensing-facilities,https://legacy.sfdec.org/early-learning-for-all/early-learning-programs/,2025-05-25,2026-09-22,37.7753545,-122.4416201,1501 GROVE ST,Exact DataSF address,DataSF Enterprise Addressing System,2026-09-21
Pacific Primary - Pacific Primary Yellow Sun Campus (Grove Street),1500 Grove St,San Francisco,CA,94117,DAY CARE CENTER,380500491,LICENSED,80,(415) 346-0906,10/7/1974,Yes,A - ELFA quality standards + licensed,Listed in San Francisco DEC's ELFA quality network and shown as LICENSED in the CDSS child care center export dated 2025-05-25.,"Screening category, not a standardized academic or review-site rating. Check current CCLD inspections/complaints, visit the site, and confirm age fit, availability, cost, staffing, and curriculum.",SF DEC ELFA directory,https://www.ccld.dss.ca.gov/carefacilitysearch/?Rewrite=FacDetail%2F380500491,https://data.ca.gov/dataset/community-care-licensing-facilities,https://legacy.sfdec.org/early-learning-for-all/early-learning-programs/,2025-05-25,2026-09-22,37.775657,-122.4417362,1500 GROVE ST,Exact DataSF address,DataSF Enterprise Addressing System,2026-09-21
Pine United Methodist Church - ABC Preschool,"426 33rd Ave, 1st Flr",San Francisco,CA,94121,DAY CARE CENTER,380506527,LICENSED,35,(415) 387-9111,5/14/1996,Yes,A - ELFA quality standards + licensed,Listed in San Francisco DEC's ELFA quality network and shown as LICENSED in the CDSS child care center export dated 2025-05-25.,"Screening category, not a standardized academic or review-site rating. Check current CCLD inspections/complaints, visit the site, and confirm age fit, availability, cost, staffing, and curriculum.",SF DEC ELFA directory,https://www.ccld.dss.ca.gov/carefacilitysearch/?Rewrite=FacDetail%2F380506527,https://data.ca.gov/dataset/community-care-licensing-facilities,https://legacy.sfdec.org/early-learning-for-all/early-learning-programs/,2025-05-25,2026-09-22,37.7810444,-122.4930799,426 33RD AVE,DataSF normalized street match,DataSF Enterprise Addressing System,2026-09-21
Potrero Kids - Potrero Kids at Daniel Webster (PKDW),465 Missouri St,San Francisco,CA,94107,DAY CARE CENTER,384001949,LICENSED,38,(415) 550-3300,7/9/2009,Yes,A - ELFA quality standards + licensed,Listed in San Francisco DEC's ELFA quality network and shown as LICENSED in the CDSS child care center export dated 2025-05-25.,"Screening category, not a standardized academic or review-site rating. Check current CCLD inspections/complaints, visit the site, and confirm age fit, availability, cost, staffing, and curriculum.",SF DEC ELFA directory,https://www.ccld.dss.ca.gov/carefacilitysearch/?Rewrite=FacDetail%2F384001949,https://data.ca.gov/dataset/community-care-licensing-facilities,https://legacy.sfdec.org/early-learning-for-all/early-learning-programs/,2025-05-25,2026-09-22,37.7605213,-122.3958437,465 MISSOURI ST,Exact DataSF address,DataSF Enterprise Addressing System,2026-09-21
Potrero Space Preschool,824 Carolina St,San Francisco,CA,94107,DAY CARE CENTER,384004795,LICENSED,52,(415) 572-2747,12/29/2023,Yes,A - ELFA quality standards + licensed,Listed in San Francisco DEC's ELFA quality network and shown as LICENSED in the CDSS child care center export dated 2025-05-25.,"Screening category, not a standardized academic or review-site rating. Check current CCLD inspections/complaints, visit the site, and confirm age fit, availability, cost, staffing, and curriculum.",SF DEC ELFA directory,https://www.ccld.dss.ca.gov/carefacilitysearch/?Rewrite=FacDetail%2F384004795,https://data.ca.gov/dataset/community-care-licensing-facilities,https://legacy.sfdec.org/early-learning-for-all/early-learning-programs/,2025-05-25,2026-09-22,37.7582356,-122.4003127,824 CAROLINA ST,Exact DataSF address,DataSF Enterprise Addressing System,2026-09-21
Presidio Knolls School,250 10th St,San Francisco,CA,94103,DAY CARE CENTER,384002131,LICENSED,180,415-202-0770 x100,7/6/2011,Yes,A - ELFA quality standards + licensed,Listed in San Francisco DEC's ELFA quality network and shown as LICENSED in the CDSS child care center export dated 2025-05-25.,"Screening category, not a standardized academic or review-site rating. Check current CCLD inspections/complaints, visit the site, and confirm age fit, availability, cost, staffing, and curriculum.",SF DEC ELFA directory,https://www.ccld.dss.ca.gov/carefacilitysearch/?Rewrite=FacDetail%2F384002131,https://data.ca.gov/dataset/community-care-licensing-facilities,https://legacy.sfdec.org/early-learning-for-all/early-learning-programs/,2025-05-25,2026-09-22,37.77319,-122.4137055,250 10TH ST,Exact DataSF address,DataSF Enterprise Addressing System,2026-09-21
Project Commotion - Las Luciernagas,2095 Harrison St,San Francisco,CA,94110,DAY CARE CENTER,384004459,LICENSED,12,(415) 252-8059,9/29/2021,Yes,A - ELFA quality standards + licensed,Listed in San Francisco DEC's ELFA quality network and shown as LICENSED in the CDSS child care center export dated 2025-05-25.,"Screening category, not a standardized academic or review-site rating. Check current CCLD inspections/complaints, visit the site, and confirm age fit, availability, cost, staffing, and curriculum.",SF DEC ELFA directory,https://www.ccld.dss.ca.gov/carefacilitysearch/?Rewrite=FacDetail%2F384004459,https://data.ca.gov/dataset/community-care-licensing-facilities,https://legacy.sfdec.org/early-learning-for-all/early-learning-programs/,2025-05-25,2026-09-22,37.7643291,-122.4128821,2095 HARRISON ST,Exact DataSF address,DataSF Enterprise Addressing System,2026-09-21
"Roman Catholic Archbishop of San Francisco, The - St Paul's - St. Pauls Church-Littlest Angel Preparatory Preschool",221 Valley St,San Francisco,CA,94131,DAY CARE CENTER,380506430,LICENSED,38,(415) 824-5437,9/2/1994,Yes,A - ELFA quality standards + licensed,Listed in San Francisco DEC's ELFA quality network and shown as LICENSED in the CDSS child care center export dated 2025-05-25.,"Screening category, not a standardized academic or review-site rating. Check current CCLD inspections/complaints, visit the site, and confirm age fit, availability, cost, staffing, and curriculum.",SF DEC ELFA directory,https://www.ccld.dss.ca.gov/carefacilitysearch/?Rewrite=FacDetail%2F380506430,https://data.ca.gov/dataset/community-care-licensing-facilities,https://legacy.sfdec.org/early-learning-for-all/early-learning-programs/,2025-05-25,2026-09-22,37.744192,-122.4277424,221 VALLEY ST,Exact DataSF address,DataSF Enterprise Addressing System,2026-09-21
San Francisco Community College District - SFCCD Mission Community College Center,1125 Valencia St,San Francisco,CA,94110,DAY CARE CENTER,384001721,LICENSED,40,(415) 452-5903,4/22/2008,Yes,A - ELFA quality standards + licensed,Listed in San Francisco DEC's ELFA quality network and shown as LICENSED in the CDSS child care center export dated 2025-05-25.,"Screening category, not a standardized academic or review-site rating. Check current CCLD inspections/complaints, visit the site, and confirm age fit, availability, cost, staffing, and curriculum.",SF DEC ELFA directory,https://www.ccld.dss.ca.gov/carefacilitysearch/?Rewrite=FacDetail%2F384001721,https://data.ca.gov/dataset/community-care-licensing-facilities,https://legacy.sfdec.org/early-learning-for-all/early-learning-programs/,2025-05-25,2026-09-22,37.7547344,-122.4207481,1125 VALENCIA ST,Exact DataSF address,DataSF Enterprise Addressing System,2026-09-21
San Francisco Community College District - SFCCD Ocean Campus Child Development Lab School,50 Phelan Ave,San Francisco,CA,94112,DAY CARE CENTER,380506136,LICENSED,66,(415) 452-5903,3/29/1993,Yes,A - ELFA quality standards + licensed,Listed in San Francisco DEC's ELFA quality network and shown as LICENSED in the CDSS child care center export dated 2025-05-25.,"Screening category, not a standardized academic or review-site rating. Check current CCLD inspections/complaints, visit the site, and confirm age fit, availability, cost, staffing, and curriculum.",SF DEC ELFA directory,https://www.ccld.dss.ca.gov/carefacilitysearch/?Rewrite=FacDetail%2F380506136,https://data.ca.gov/dataset/community-care-licensing-facilities,https://legacy.sfdec.org/early-learning-for-all/early-learning-programs/,2025-05-25,2026-09-22,37.7248891,-122.4522788,"50 PHELAN AVE, SAN FRANCISCO, CA, 94112",US Census address match,US Census Geocoder Public_AR_Current,2026-09-22
Seabird Preschool,9 Pelton Place,San Francisco,CA,94133,DAY CARE CENTER,384003094,LICENSED,61,(415) 932-6023,5/9/2019,Yes,A - ELFA quality standards + licensed,Listed in San Francisco DEC's ELFA quality network and shown as LICENSED in the CDSS child care center export dated 2025-05-25.,"Screening category, not a standardized academic or review-site rating. Check current CCLD inspections/complaints, visit the site, and confirm age fit, availability, cost, staffing, and curriculum.",SF DEC ELFA directory,https://www.ccld.dss.ca.gov/carefacilitysearch/?Rewrite=FacDetail%2F384003094,https://data.ca.gov/dataset/community-care-licensing-facilities,https://legacy.sfdec.org/early-learning-for-all/early-learning-programs/,2025-05-25,2026-09-22,37.7971757,-122.4078002,9 PELTON PL,Exact DataSF address,DataSF Enterprise Addressing System,2026-09-21
SF Tikes Academy,1133 South Van Ness,San Francisco,CA,94110,SINGLE LICENSED CHILD CARE CENTER,384004979,LICENSED,117,(415) 826-8222,3/28/2025,Yes,A - ELFA quality standards + licensed,Listed in San Francisco DEC's ELFA quality network and shown as LICENSED in the CDSS child care center export dated 2025-05-25.,"Screening category, not a standardized academic or review-site rating. Check current CCLD inspections/complaints, visit the site, and confirm age fit, availability, cost, staffing, and curriculum.",SF DEC ELFA directory,https://www.ccld.dss.ca.gov/carefacilitysearch/?Rewrite=FacDetail%2F384004979,https://data.ca.gov/dataset/community-care-licensing-facilities,https://legacy.sfdec.org/early-learning-for-all/early-learning-programs/,2025-05-25,2026-09-22,37.755067,-122.4162021,1133 SOUTH VAN NESS AVE,DataSF normalized street match,DataSF Enterprise Addressing System,2026-09-21
SFUSD - Argonne,750 16th Ave,San Francisco,CA,94118,DAY CARE CENTER,384000981,LICENSED,66,(415) 750-8617,3/4/2002,Yes,A - ELFA quality standards + licensed,Listed in San Francisco DEC's ELFA quality network and shown as LICENSED in the CDSS child care center export dated 2025-05-25.,"Screening category, not a standardized academic or review-site rating. Check current CCLD inspections/complaints, visit the site, and confirm age fit, availability, cost, staffing, and curriculum.",SF DEC ELFA directory,https://www.ccld.dss.ca.gov/carefacilitysearch/?Rewrite=FacDetail%2F384000981,https://data.ca.gov/dataset/community-care-licensing-facilities,https://legacy.sfdec.org/early-learning-for-all/early-learning-programs/,2025-05-25,2026-09-22,37.7739209,-122.4744442,750 16TH AVE,Exact DataSF address,DataSF Enterprise Addressing System,2026-09-21
SFUSD - Bessie Carmichael,45 Cleveland St,San Francisco,CA,94103,DAY CARE CENTER,384001456,LICENSED,72,(415) 615-8450,6/10/2005,Yes,A - ELFA quality standards + licensed,Listed in San Francisco DEC's ELFA quality network and shown as LICENSED in the CDSS child care center export dated 2025-05-25.,"Screening category, not a standardized academic or review-site rating. Check current CCLD inspections/complaints, visit the site, and confirm age fit, availability, cost, staffing, and curriculum.",SF DEC ELFA directory,https://www.ccld.dss.ca.gov/carefacilitysearch/?Rewrite=FacDetail%2F384001456,https://data.ca.gov/dataset/community-care-licensing-facilities,https://legacy.sfdec.org/early-learning-for-all/early-learning-programs/,2025-05-25,2026-09-22,37.7765271,-122.4063693,45 CLEVELAND ST,Exact DataSF address,DataSF Enterprise Addressing System,2026-09-21
SFUSD - Bret Harte,950 Hollister Ave,San Francisco,CA,94124,DAY CARE CENTER,380504340,LICENSED,60,(415) 330-1545,5/5/1992,Yes,A - ELFA quality standards + licensed,Listed in San Francisco DEC's ELFA quality network and shown as LICENSED in the CDSS child care center export dated 2025-05-25.,"Screening category, not a standardized academic or review-site rating. Check current CCLD inspections/complaints, visit the site, and confirm age fit, availability, cost, staffing, and curriculum.",SF DEC ELFA directory,https://www.ccld.dss.ca.gov/carefacilitysearch/?Rewrite=FacDetail%2F380504340,https://data.ca.gov/dataset/community-care-licensing-facilities,https://legacy.sfdec.org/early-learning-for-all/early-learning-programs/,2025-05-25,2026-09-22,37.7183587,-122.3894939,950 HOLLISTER AVE,Exact DataSF address,DataSF Enterprise Addressing System,2026-09-21
SFUSD - Bryant EES,2641 25th St,San Francisco,CA,94110,DAY CARE CENTER,380505800,LICENSED,69,(415) 695-5784,4/28/1992,Yes,A - ELFA quality standards + licensed,Listed in San Francisco DEC's ELFA quality network and shown as LICENSED in the CDSS child care center export dated 2025-05-25.,"Screening category, not a standardized academic or review-site rating. Check current CCLD inspections/complaints, visit the site, and confirm age fit, availability, cost, staffing, and curriculum.",SF DEC ELFA directory,https://www.ccld.dss.ca.gov/carefacilitysearch/?Rewrite=FacDetail%2F380505800,https://data.ca.gov/dataset/community-care-licensing-facilities,https://legacy.sfdec.org/early-learning-for-all/early-learning-programs/,2025-05-25,2026-09-22,37.7517008,-122.4049502,2641 25TH ST,Exact DataSF address,DataSF Enterprise Addressing System,2026-09-21
SFUSD - Commodore Stockton,1 Trenton St,San Francisco,CA,94108,DAY CARE CENTER,384002514,LICENSED,88,(415) 291-7932,8/13/2014,Yes,A - ELFA quality standards + licensed,Listed in San Francisco DEC's ELFA quality network and shown as LICENSED in the CDSS child care center export dated 2025-05-25.,"Screening category, not a standardized academic or review-site rating. Check current CCLD inspections/complaints, visit the site, and confirm age fit, availability, cost, staffing, and curriculum.",SF DEC ELFA directory,https://www.ccld.dss.ca.gov/carefacilitysearch/?Rewrite=FacDetail%2F384002514,https://data.ca.gov/dataset/community-care-licensing-facilities,https://legacy.sfdec.org/early-learning-for-all/early-learning-programs/,2025-05-25,2026-09-22,37.7950912,-122.4089987,1 TRENTON ST,Exact DataSF address,DataSF Enterprise Addressing System,2026-09-21
SFUSD - Dr. Charles Drew,50 Pomona,San Francisco,CA,94124,SINGLE LICENSED CHILD CARE CENTER,384004869,LICENSED,92,(415) 330-1526,6/24/2024,Yes,A - ELFA quality standards + licensed,Listed in San Francisco DEC's ELFA quality network and shown as LICENSED in the CDSS child care center export dated 2025-05-25.,"Screening category, not a standardized academic or review-site rating. Check current CCLD inspections/complaints, visit the site, and confirm age fit, availability, cost, staffing, and curriculum.",SF DEC ELFA directory,https://www.ccld.dss.ca.gov/carefacilitysearch/?Rewrite=FacDetail%2F384004869,https://data.ca.gov/dataset/community-care-licensing-facilities,https://legacy.sfdec.org/early-learning-for-all/early-learning-programs/,2025-05-25,2026-09-22,37.7317457,-122.3936712,50 POMONA ST,DataSF normalized street match,DataSF Enterprise Addressing System,2026-09-21
SFUSD - Dr. William Cobb,2725 California St,San Francisco,CA,94115,DAY CARE CENTER,380504389,LICENSED,48,(415) 749-3544,3/6/1992,Yes,A - ELFA quality standards + licensed,Listed in San Francisco DEC's ELFA quality network and shown as LICENSED in the CDSS child care center export dated 2025-05-25.,"Screening category, not a standardized academic or review-site rating. Check current CCLD inspections/complaints, visit the site, and confirm age fit, availability, cost, staffing, and curriculum.",SF DEC ELFA directory,https://www.ccld.dss.ca.gov/carefacilitysearch/?Rewrite=FacDetail%2F380504389,https://data.ca.gov/dataset/community-care-licensing-facilities,https://legacy.sfdec.org/early-learning-for-all/early-learning-programs/,2025-05-25,2026-09-22,37.7880257,-122.4395248,2725 CALIFORNIA ST,Exact DataSF address,DataSF Enterprise Addressing System,2026-09-21
SFUSD - E.R. Taylor,423 Burrows St,San Francisco,CA,94134,DAY CARE CENTER,380505930,LICENSED,34,(415) 330-1530,4/24/1992,Yes,A - ELFA quality standards + licensed,Listed in San Francisco DEC's ELFA quality network and shown as LICENSED in the CDSS child care center export dated 2025-05-25.,"Screening category, not a standardized academic or review-site rating. Check current CCLD inspections/complaints, visit the site, and confirm age fit, availability, cost, staffing, and curriculum.",SF DEC ELFA directory,https://www.ccld.dss.ca.gov/carefacilitysearch/?Rewrite=FacDetail%2F380505930,https://data.ca.gov/dataset/community-care-licensing-facilities,https://legacy.sfdec.org/early-learning-for-all/early-learning-programs/,2025-05-25,2026-09-22,37.7278264,-122.4073334,423 BURROWS ST,Exact DataSF address,DataSF Enterprise Addressing System,2026-09-21
SFUSD - Excelsior @ Guadalupe,859 Prague St,San Francisco,CA,94112,DAY CARE CENTER,384000310,LICENSED,72,(415) 469-4753,8/19/1997,Yes,A - ELFA quality standards + licensed,Listed in San Francisco DEC's ELFA quality network and shown as LICENSED in the CDSS child care center export dated 2025-05-25.,"Screening category, not a standardized academic or review-site rating. Check current CCLD inspections/complaints, visit the site, and confirm age fit, availability, cost, staffing, and curriculum.",SF DEC ELFA directory,https://www.ccld.dss.ca.gov/carefacilitysearch/?Rewrite=FacDetail%2F384000310,https://data.ca.gov/dataset/community-care-licensing-facilities,https://legacy.sfdec.org/early-learning-for-all/early-learning-programs/,2025-05-25,2026-09-22,37.7102115,-122.4347009,859 PRAGUE ST,Exact DataSF address,DataSF Enterprise Addressing System,2026-09-21
SFUSD - Grattan,165 Grattan St,San Francisco,CA,94117,DAY CARE CENTER,380504378,LICENSED,69,(415) 759-2850,1/3/1985,Yes,A - ELFA quality standards + licensed,Listed in San Francisco DEC's ELFA quality network and shown as LICENSED in the CDSS child care center export dated 2025-05-25.,"Screening category, not a standardized academic or review-site rating. Check current CCLD inspections/complaints, visit the site, and confirm age fit, availability, cost, staffing, and curriculum.",SF DEC ELFA directory,https://www.ccld.dss.ca.gov/carefacilitysearch/?Rewrite=FacDetail%2F380504378,https://data.ca.gov/dataset/community-care-licensing-facilities,https://legacy.sfdec.org/early-learning-for-all/early-learning-programs/,2025-05-25,2026-09-22,37.7637748,-122.4504685,165 GRATTAN ST,Exact DataSF address,DataSF Enterprise Addressing System,2026-09-21
SFUSD - Jefferson PreK,1350 25th Ave,San Francisco,CA,94122,DAY CARE CENTER,380504419,LICENSED,56,(415) 759-2852,8/28/1984,Yes,A - ELFA quality standards + licensed,Listed in San Francisco DEC's ELFA quality network and shown as LICENSED in the CDSS child care center export dated 2025-05-25.,"Screening category, not a standardized academic or review-site rating. Check current CCLD inspections/complaints, visit the site, and confirm age fit, availability, cost, staffing, and curriculum.",SF DEC ELFA directory,https://www.ccld.dss.ca.gov/carefacilitysearch/?Rewrite=FacDetail%2F380504419,https://data.ca.gov/dataset/community-care-licensing-facilities,https://legacy.sfdec.org/early-learning-for-all/early-learning-programs/,2025-05-25,2026-09-22,37.7623367,-122.4833174,1350 25TH AVE,Exact DataSF address,DataSF Enterprise Addressing System,2026-09-21
SFUSD - John McLaren,2055 Sunnydale Ave,San Francisco,CA,94134,DAY CARE CENTER,380504444,LICENSED,96,(415) 469-4519,12/15/1982,Yes,A - ELFA quality standards + licensed,Listed in San Francisco DEC's ELFA quality network and shown as LICENSED in the CDSS child care center export dated 2025-05-25.,"Screening category, not a standardized academic or review-site rating. Check current CCLD inspections/complaints, visit the site, and confirm age fit, availability, cost, staffing, and curriculum.",SF DEC ELFA directory,https://www.ccld.dss.ca.gov/carefacilitysearch/?Rewrite=FacDetail%2F380504444,https://data.ca.gov/dataset/community-care-licensing-facilities,https://legacy.sfdec.org/early-learning-for-all/early-learning-programs/,2025-05-25,2026-09-22,37.7137867,-122.4232944,2055 SUNNYDALE AVE,Exact DataSF address,DataSF Enterprise Addressing System,2026-09-21
SFUSD - John Muir,380 Webster St,San Francisco,CA,94117,DAY CARE CENTER,380505931,LICENSED,36,(415) 241-6335,8/14/1992,Yes,A - ELFA quality standards + licensed,Listed in San Francisco DEC's ELFA quality network and shown as LICENSED in the CDSS child care center export dated 2025-05-25.,"Screening category, not a standardized academic or review-site rating. Check current CCLD inspections/complaints, visit the site, and confirm age fit, availability, cost, staffing, and curriculum.",SF DEC ELFA directory,https://www.ccld.dss.ca.gov/carefacilitysearch/?Rewrite=FacDetail%2F380505931,https://data.ca.gov/dataset/community-care-licensing-facilities,https://legacy.sfdec.org/early-learning-for-all/early-learning-programs/,2025-05-25,2026-09-22,37.7737385,-122.4289342,380 WEBSTER ST,Exact DataSF address,DataSF Enterprise Addressing System,2026-09-21
SFUSD - Jose Ortega,400 Sargent St,San Francisco,CA,94132,DAY CARE CENTER,384002637,LICENSED,48,(415) 469-4726,8/27/2015,Yes,A - ELFA quality standards + licensed,Listed in San Francisco DEC's ELFA quality network and shown as LICENSED in the CDSS child care center export dated 2025-05-25.,"Screening category, not a standardized academic or review-site rating. Check current CCLD inspections/complaints, visit the site, and confirm age fit, availability, cost, staffing, and curriculum.",SF DEC ELFA directory,https://www.ccld.dss.ca.gov/carefacilitysearch/?Rewrite=FacDetail%2F384002637,https://data.ca.gov/dataset/community-care-licensing-facilities,https://legacy.sfdec.org/early-learning-for-all/early-learning-programs/,2025-05-25,2026-09-22,37.7163638,-122.4665194,400 SARGENT ST,Exact DataSF address,DataSF Enterprise Addressing System,2026-09-21
SFUSD - Junipero Serra Annex,155 Appleton Ave,San Francisco,CA,94110,DAY CARE CENTER,380504560,LICENSED,67,(415) 920-5138,8/31/1984,Yes,A - ELFA quality standards + licensed,Listed in San Francisco DEC's ELFA quality network and shown as LICENSED in the CDSS child care center export dated 2025-05-25.,"Screening category, not a standardized academic or review-site rating. Check current CCLD inspections/complaints, visit the site, and confirm age fit, availability, cost, staffing, and curriculum.",SF DEC ELFA directory,https://www.ccld.dss.ca.gov/carefacilitysearch/?Rewrite=FacDetail%2F380504560,https://data.ca.gov/dataset/community-care-licensing-facilities,https://legacy.sfdec.org/early-learning-for-all/early-learning-programs/,2025-05-25,2026-09-22,37.7387769,-122.4215278,155 APPLETON AVE,Exact DataSF address,DataSF Enterprise Addressing System,2026-09-21
SFUSD - Las Americas,801 Treat St,San Francisco,CA,94110,DAY CARE CENTER,384000375,LICENSED,72,(415) 695-5746,1/15/1998,Yes,A - ELFA quality standards + licensed,Listed in San Francisco DEC's ELFA quality network and shown as LICENSED in the CDSS child care center export dated 2025-05-25.,"Screening category, not a standardized academic or review-site rating. Check current CCLD inspections/complaints, visit the site, and confirm age fit, availability, cost, staffing, and curriculum.",SF DEC ELFA directory,https://www.ccld.dss.ca.gov/carefacilitysearch/?Rewrite=FacDetail%2F384000375,https://data.ca.gov/dataset/community-care-licensing-facilities,https://legacy.sfdec.org/early-learning-for-all/early-learning-programs/,2025-05-25,2026-09-22,37.7573093,-122.4133685,"801 TREAT AVE, SAN FRANCISCO, CA, 94110",US Census address match,US Census Geocoder Public_AR_Current,2026-09-22
SFUSD - Mission Education Center,1670 Noe St,San Francisco,CA,94131,DAY CARE CENTER,384003090,LICENSED,24,(415) 695-5313,8/20/2018,Yes,A - ELFA quality standards + licensed,Listed in San Francisco DEC's ELFA quality network and shown as LICENSED in the CDSS child care center export dated 2025-05-25.,"Screening category, not a standardized academic or review-site rating. Check current CCLD inspections/complaints, visit the site, and confirm age fit, availability, cost, staffing, and curriculum.",SF DEC ELFA directory,https://www.ccld.dss.ca.gov/carefacilitysearch/?Rewrite=FacDetail%2F384003090,https://data.ca.gov/dataset/community-care-licensing-facilities,https://legacy.sfdec.org/early-learning-for-all/early-learning-programs/,2025-05-25,2026-09-22,37.7422069,-122.4313353,1670 NOE ST,Exact DataSF address,DataSF Enterprise Addressing System,2026-09-21
SFUSD - Noriega,1775 44th Ave,San Francisco,CA,94122,DAY CARE CENTER,380504442,LICENSED,136,(415) 759-2853,11/18/1985,Yes,A - ELFA quality standards + licensed,Listed in San Francisco DEC's ELFA quality network and shown as LICENSED in the CDSS child care center export dated 2025-05-25.,"Screening category, not a standardized academic or review-site rating. Check current CCLD inspections/complaints, visit the site, and confirm age fit, availability, cost, staffing, and curriculum.",SF DEC ELFA directory,https://www.ccld.dss.ca.gov/carefacilitysearch/?Rewrite=FacDetail%2F380504442,https://data.ca.gov/dataset/community-care-licensing-facilities,https://legacy.sfdec.org/early-learning-for-all/early-learning-programs/,2025-05-25,2026-09-22,37.7535598,-122.5035954,1775 44TH AVE,Exact DataSF address,DataSF Enterprise Addressing System,2026-09-21
SFUSD - Raphael Weill,1501 O'Farrell St,San Francisco,CA,94115,DAY CARE CENTER,380504384,LICENSED,60,(415) 749-3551,1/30/1994,Yes,A - ELFA quality standards + licensed,Listed in San Francisco DEC's ELFA quality network and shown as LICENSED in the CDSS child care center export dated 2025-05-25.,"Screening category, not a standardized academic or review-site rating. Check current CCLD inspections/complaints, visit the site, and confirm age fit, availability, cost, staffing, and curriculum.",SF DEC ELFA directory,https://www.ccld.dss.ca.gov/carefacilitysearch/?Rewrite=FacDetail%2F380504384,https://data.ca.gov/dataset/community-care-licensing-facilities,https://legacy.sfdec.org/early-learning-for-all/early-learning-programs/,2025-05-25,2026-09-22,37.7830089,-122.4295043,1501 OFARRELL ST,DataSF normalized street match,DataSF Enterprise Addressing System,2026-09-21
SFUSD - San Miguel,300 Seneca Ave,San Francisco,CA,94112,DAY CARE CENTER,380504406,LICENSED,102,(415) 469-4756,6/17/1983,Yes,A - ELFA quality standards + licensed,Listed in San Francisco DEC's ELFA quality network and shown as LICENSED in the CDSS child care center export dated 2025-05-25.,"Screening category, not a standardized academic or review-site rating. Check current CCLD inspections/complaints, visit the site, and confirm age fit, availability, cost, staffing, and curriculum.",SF DEC ELFA directory,https://www.ccld.dss.ca.gov/carefacilitysearch/?Rewrite=FacDetail%2F380504406,https://data.ca.gov/dataset/community-care-licensing-facilities,https://legacy.sfdec.org/early-learning-for-all/early-learning-programs/,2025-05-25,2026-09-22,37.7217162,-122.4449034,300 SENECA AVE,Exact DataSF address,DataSF Enterprise Addressing System,2026-09-21
SFUSD - SF Public Montessori School,2340 Jackson St,San Francisco,CA,94115,DAY CARE CENTER,384002088,LICENSED,88,(415) 749-3544,9/17/2010,Yes,A - ELFA quality standards + licensed,Listed in San Francisco DEC's ELFA quality network and shown as LICENSED in the CDSS child care center export dated 2025-05-25.,"Screening category, not a standardized academic or review-site rating. Check current CCLD inspections/complaints, visit the site, and confirm age fit, availability, cost, staffing, and curriculum.",SF DEC ELFA directory,https://www.ccld.dss.ca.gov/carefacilitysearch/?Rewrite=FacDetail%2F384002088,https://data.ca.gov/dataset/community-care-licensing-facilities,https://legacy.sfdec.org/early-learning-for-all/early-learning-programs/,2025-05-25,2026-09-22,37.7928667,-122.4335992,2340 JACKSON ST,Exact DataSF address,DataSF Enterprise Addressing System,2026-09-21
SFUSD - Sheridan,431 Capitol Ave,San Francisco,CA,94122,DAY CARE CENTER,384001488,LICENSED,56,(415) 469-4743,1/23/2006,Yes,A - ELFA quality standards + licensed,Listed in San Francisco DEC's ELFA quality network and shown as LICENSED in the CDSS child care center export dated 2025-05-25.,"Screening category, not a standardized academic or review-site rating. Check current CCLD inspections/complaints, visit the site, and confirm age fit, availability, cost, staffing, and curriculum.",SF DEC ELFA directory,https://www.ccld.dss.ca.gov/carefacilitysearch/?Rewrite=FacDetail%2F384001488,https://data.ca.gov/dataset/community-care-licensing-facilities,https://legacy.sfdec.org/early-learning-for-all/early-learning-programs/,2025-05-25,2026-09-22,37.7143141,-122.4593652,431 CAPITOL AVE,Exact DataSF address; source ZIP differs,DataSF Enterprise Addressing System,2026-09-21
SFUSD - Tenderloin,627 Turk St,San Francisco,CA,94102,DAY CARE CENTER,384000892,LICENSED,54,(415) 614-3000,1/19/2001,Yes,A - ELFA quality standards + licensed,Listed in San Francisco DEC's ELFA quality network and shown as LICENSED in the CDSS child care center export dated 2025-05-25.,"Screening category, not a standardized academic or review-site rating. Check current CCLD inspections/complaints, visit the site, and confirm age fit, availability, cost, staffing, and curriculum.",SF DEC ELFA directory,https://www.ccld.dss.ca.gov/carefacilitysearch/?Rewrite=FacDetail%2F384000892,https://data.ca.gov/dataset/community-care-licensing-facilities,https://legacy.sfdec.org/early-learning-for-all/early-learning-programs/,2025-05-25,2026-09-22,37.781813,-122.4197444,627 TURK ST,Exact DataSF address,DataSF Enterprise Addressing System,2026-09-21
SFUSD - Theresa S. Mahler,990 Church St,San Francisco,CA,94114,DAY CARE CENTER,380506367,LICENSED,80,(415) 695-5871,3/24/1994,Yes,A - ELFA quality standards + licensed,Listed in San Francisco DEC's ELFA quality network and shown as LICENSED in the CDSS child care center export dated 2025-05-25.,"Screening category, not a standardized academic or review-site rating. Check current CCLD inspections/complaints, visit the site, and confirm age fit, availability, cost, staffing, and curriculum.",SF DEC ELFA directory,https://www.ccld.dss.ca.gov/carefacilitysearch/?Rewrite=FacDetail%2F380506367,https://data.ca.gov/dataset/community-care-licensing-facilities,https://legacy.sfdec.org/early-learning-for-all/early-learning-programs/,2025-05-25,2026-09-22,37.755275,-122.4280267,990 CHURCH ST,Exact DataSF address,DataSF Enterprise Addressing System,2026-09-21
SFUSD - Tule Elk Park,2110 Greenwich St,San Francisco,CA,94123,DAY CARE CENTER,384004405,LICENSED,96,(415) 695-5871,11/19/2021,Yes,A - ELFA quality standards + licensed,Listed in San Francisco DEC's ELFA quality network and shown as LICENSED in the CDSS child care center export dated 2025-05-25.,"Screening category, not a standardized academic or review-site rating. Check current CCLD inspections/complaints, visit the site, and confirm age fit, availability, cost, staffing, and curriculum.",SF DEC ELFA directory,https://www.ccld.dss.ca.gov/carefacilitysearch/?Rewrite=FacDetail%2F384004405,https://data.ca.gov/dataset/community-care-licensing-facilities,https://legacy.sfdec.org/early-learning-for-all/early-learning-programs/,2025-05-25,2026-09-22,37.7993432,-122.4348625,2110 GREENWICH ST,Exact DataSF address,DataSF Enterprise Addressing System,2026-09-21
SFUSD - Zaida T. Rodriguez,2950 Mission Street,San Francisco,CA,94110,DAY CARE CENTER,380504354,LICENSED,60,(415) 695-5844,7/20/1982,Yes,A - ELFA quality standards + licensed,Listed in San Francisco DEC's ELFA quality network and shown as LICENSED in the CDSS child care center export dated 2025-05-25.,"Screening category, not a standardized academic or review-site rating. Check current CCLD inspections/complaints, visit the site, and confirm age fit, availability, cost, staffing, and curriculum.",SF DEC ELFA directory,https://www.ccld.dss.ca.gov/carefacilitysearch/?Rewrite=FacDetail%2F380504354,https://data.ca.gov/dataset/community-care-licensing-facilities,https://legacy.sfdec.org/early-learning-for-all/early-learning-programs/,2025-05-25,2026-09-22,37.7498192,-122.4185569,2950 MISSION ST,Exact DataSF address,DataSF Enterprise Addressing System,2026-09-21
"Slippery Fish Initiative, Inc.",999 Brotherhood Way,San Francisco,CA,94132,DAY CARE CENTER,384002203,LICENSED,40,(415) 672-2982,12/5/2011,Yes,A - ELFA quality standards + licensed,Listed in San Francisco DEC's ELFA quality network and shown as LICENSED in the CDSS child care center export dated 2025-05-25.,"Screening category, not a standardized academic or review-site rating. Check current CCLD inspections/complaints, visit the site, and confirm age fit, availability, cost, staffing, and curriculum.",SF DEC ELFA directory,https://www.ccld.dss.ca.gov/carefacilitysearch/?Rewrite=FacDetail%2F384002203,https://data.ca.gov/dataset/community-care-licensing-facilities,https://legacy.sfdec.org/early-learning-for-all/early-learning-programs/,2025-05-25,2026-09-22,37.7137372,-122.4817726,999 BROTHERHOOD WAY,Exact DataSF address,DataSF Enterprise Addressing System,2026-09-21
Soma Daycare & Preschool,473 Bryant St,San Francisco,CA,94107,DAY CARE CENTER,384004498,LICENSED,30,(415) 418-4834,10/28/2021,Yes,A - ELFA quality standards + licensed,Listed in San Francisco DEC's ELFA quality network and shown as LICENSED in the CDSS child care center export dated 2025-05-25.,"Screening category, not a standardized academic or review-site rating. Check current CCLD inspections/complaints, visit the site, and confirm age fit, availability, cost, staffing, and curriculum.",SF DEC ELFA directory,https://www.ccld.dss.ca.gov/carefacilitysearch/?Rewrite=FacDetail%2F384004498,https://data.ca.gov/dataset/community-care-licensing-facilities,https://legacy.sfdec.org/early-learning-for-all/early-learning-programs/,2025-05-25,2026-09-22,37.7816665,-122.3949999,473 BRYANT ST,Exact DataSF address,DataSF Enterprise Addressing System,2026-09-21
South Of Market Child Care Center - Transbay,220 Beale St,San Francisco,CA,94105,DAY CARE CENTER,384004171,LICENSED,60,(415) 820-3502,10/24/2019,Yes,A - ELFA quality standards + licensed,Listed in San Francisco DEC's ELFA quality network and shown as LICENSED in the CDSS child care center export dated 2025-05-25.,"Screening category, not a standardized academic or review-site rating. Check current CCLD inspections/complaints, visit the site, and confirm age fit, availability, cost, staffing, and curriculum.",SF DEC ELFA directory,https://www.ccld.dss.ca.gov/carefacilitysearch/?Rewrite=FacDetail%2F384004171,https://data.ca.gov/dataset/community-care-licensing-facilities,https://legacy.sfdec.org/early-learning-for-all/early-learning-programs/,2025-05-25,2026-09-22,37.7891891,-122.3936099,220 BEALE ST,Exact DataSF address,DataSF Enterprise Addressing System,2026-09-21
South Of Market Child Care Center - Yerba Buena Gardens Child Development Center,790 Folsom St,San Francisco,CA,94107,DAY CARE CENTER,384000406,LICENSED,96,(415) 820-3502,6/24/1998,Yes,A - ELFA quality standards + licensed,Listed in San Francisco DEC's ELFA quality network and shown as LICENSED in the CDSS child care center export dated 2025-05-25.,"Screening category, not a standardized academic or review-site rating. Check current CCLD inspections/complaints, visit the site, and confirm age fit, availability, cost, staffing, and curriculum.",SF DEC ELFA directory,https://www.ccld.dss.ca.gov/carefacilitysearch/?Rewrite=FacDetail%2F384000406,https://data.ca.gov/dataset/community-care-licensing-facilities,https://legacy.sfdec.org/early-learning-for-all/early-learning-programs/,2025-05-25,2026-09-22,37.7835134,-122.4008134,790 FOLSOM ST,Exact DataSF address,DataSF Enterprise Addressing System,2026-09-21
St. James Episcopal Church Nursery School,4620 California St,San Francisco,CA,94118,DAY CARE CENTER,380500619,LICENSED,45,415-752-8258 x3,8/5/1975,Yes,A - ELFA quality standards + licensed,Listed in San Francisco DEC's ELFA quality network and shown as LICENSED in the CDSS child care center export dated 2025-05-25.,"Screening category, not a standardized academic or review-site rating. Check current CCLD inspections/complaints, visit the site, and confirm age fit, availability, cost, staffing, and curriculum.",SF DEC ELFA directory,https://www.ccld.dss.ca.gov/carefacilitysearch/?Rewrite=FacDetail%2F380500619,https://data.ca.gov/dataset/community-care-licensing-facilities,https://legacy.sfdec.org/early-learning-for-all/early-learning-programs/,2025-05-25,2026-09-22,37.7849392,-122.4672014,4620 CALIFORNIA ST,Exact DataSF address,DataSF Enterprise Addressing System,2026-09-21
Storybook School,2149 Taraval St,San Francisco,CA,94129,DAY CARE CENTER,384002844,LICENSED,40,(415) 699-5180,10/19/2017,Yes,A - ELFA quality standards + licensed,Listed in San Francisco DEC's ELFA quality network and shown as LICENSED in the CDSS child care center export dated 2025-05-25.,"Screening category, not a standardized academic or review-site rating. Check current CCLD inspections/complaints, visit the site, and confirm age fit, availability, cost, staffing, and curriculum.",SF DEC ELFA directory,https://www.ccld.dss.ca.gov/carefacilitysearch/?Rewrite=FacDetail%2F384002844,https://data.ca.gov/dataset/community-care-licensing-facilities,https://legacy.sfdec.org/early-learning-for-all/early-learning-programs/,2025-05-25,2026-09-22,37.7421985,-122.4894249,2149 TARAVAL ST,Exact DataSF address; source ZIP differs,DataSF Enterprise Addressing System,2026-09-21
Sunny Infant and Preschool Center - Balboa,3300 Balboa Street,San Francisco,CA,94121,DAY CARE CENTER,384004105,LICENSED,23,(415) 806-2618,11/5/2019,Yes,A - ELFA quality standards + licensed,Listed in San Francisco DEC's ELFA quality network and shown as LICENSED in the CDSS child care center export dated 2025-05-25.,"Screening category, not a standardized academic or review-site rating. Check current CCLD inspections/complaints, visit the site, and confirm age fit, availability, cost, staffing, and curriculum.",SF DEC ELFA directory,https://www.ccld.dss.ca.gov/carefacilitysearch/?Rewrite=FacDetail%2F384004105,https://data.ca.gov/dataset/community-care-licensing-facilities,https://legacy.sfdec.org/early-learning-for-all/early-learning-programs/,2025-05-25,2026-09-22,37.7759837,-122.4942908,3300 BALBOA ST,Exact DataSF address,DataSF Enterprise Addressing System,2026-09-21
Sunshine Adventures,4837 Geary Blvd,San Francisco,CA,94118,DAY CARE CENTER,384004025,LICENSED,30,(415) 699-5180,4/19/2019,Yes,A - ELFA quality standards + licensed,Listed in San Francisco DEC's ELFA quality network and shown as LICENSED in the CDSS child care center export dated 2025-05-25.,"Screening category, not a standardized academic or review-site rating. Check current CCLD inspections/complaints, visit the site, and confirm age fit, availability, cost, staffing, and curriculum.",SF DEC ELFA directory,https://www.ccld.dss.ca.gov/carefacilitysearch/?Rewrite=FacDetail%2F384004025,https://data.ca.gov/dataset/community-care-licensing-facilities,https://legacy.sfdec.org/early-learning-for-all/early-learning-programs/,2025-05-25,2026-09-22,37.7803927,-122.4713045,4837 GEARY BLVD,Exact DataSF address,DataSF Enterprise Addressing System,2026-09-21
Sunshine Adventures Nob Hill,1439 Pacific Ave,San Francisco,CA,94109,DAY CARE CENTER,384004534,LICENSED,24,(415) 699-5820,2/16/2022,Yes,A - ELFA quality standards + licensed,Listed in San Francisco DEC's ELFA quality network and shown as LICENSED in the CDSS child care center export dated 2025-05-25.,"Screening category, not a standardized academic or review-site rating. Check current CCLD inspections/complaints, visit the site, and confirm age fit, availability, cost, staffing, and curriculum.",SF DEC ELFA directory,https://www.ccld.dss.ca.gov/carefacilitysearch/?Rewrite=FacDetail%2F384004534,https://data.ca.gov/dataset/community-care-licensing-facilities,https://legacy.sfdec.org/early-learning-for-all/early-learning-programs/,2025-05-25,2026-09-22,37.7952169,-122.4188913,1439 PACIFIC AVE,Exact DataSF address,DataSF Enterprise Addressing System,2026-09-21
Sunshine Preschool Center,650 Andover St,San Francisco,CA,94110,DAY CARE CENTER,384003012,LICENSED,30,(415) 872-9417,8/22/2018,Yes,A - ELFA quality standards + licensed,Listed in San Francisco DEC's ELFA quality network and shown as LICENSED in the CDSS child care center export dated 2025-05-25.,"Screening category, not a standardized academic or review-site rating. Check current CCLD inspections/complaints, visit the site, and confirm age fit, availability, cost, staffing, and curriculum.",SF DEC ELFA directory,https://www.ccld.dss.ca.gov/carefacilitysearch/?Rewrite=FacDetail%2F384003012,https://data.ca.gov/dataset/community-care-licensing-facilities,https://legacy.sfdec.org/early-learning-for-all/early-learning-programs/,2025-05-25,2026-09-22,37.7355022,-122.417046,650 ANDOVER ST,Exact DataSF address,DataSF Enterprise Addressing System,2026-09-21
Telegraph Hill Children Center,660 Lombard St,San Francisco,CA,94133,DAY CARE CENTER,380504793,LICENSED,87,415-421-6443 x12,11/28/1982,Yes,A - ELFA quality standards + licensed,Listed in San Francisco DEC's ELFA quality network and shown as LICENSED in the CDSS child care center export dated 2025-05-25.,"Screening category, not a standardized academic or review-site rating. Check current CCLD inspections/complaints, visit the site, and confirm age fit, availability, cost, staffing, and curriculum.",SF DEC ELFA directory,https://www.ccld.dss.ca.gov/carefacilitysearch/?Rewrite=FacDetail%2F380504793,https://data.ca.gov/dataset/community-care-licensing-facilities,https://legacy.sfdec.org/early-learning-for-all/early-learning-programs/,2025-05-25,2026-09-22,37.8030108,-122.4124542,660 LOMBARD ST,Exact DataSF address,DataSF Enterprise Addressing System,2026-09-21
Telegraph Hill Neighborhood Center - TELHI Mission Bay Child Care Center,188 Pierpoint Lane,San Francisco,CA,94158,DAY CARE CENTER,384004340,LICENSED,52,(415) 580-7223,5/28/2021,Yes,A - ELFA quality standards + licensed,Listed in San Francisco DEC's ELFA quality network and shown as LICENSED in the CDSS child care center export dated 2025-05-25.,"Screening category, not a standardized academic or review-site rating. Check current CCLD inspections/complaints, visit the site, and confirm age fit, availability, cost, staffing, and curriculum.",SF DEC ELFA directory,https://www.ccld.dss.ca.gov/carefacilitysearch/?Rewrite=FacDetail%2F384004340,https://data.ca.gov/dataset/community-care-licensing-facilities,https://legacy.sfdec.org/early-learning-for-all/early-learning-programs/,2025-05-25,2026-09-22,37.7699095,-122.3890573,188 PIERPOINT LN,Exact DataSF address,DataSF Enterprise Addressing System,2026-09-21
The Crayon Box Preschool,3810 24th St,San Francisco,CA,94114,SINGLE LICENSED CHILD CARE CENTER,384004835,LICENSED,34,(415) 821-9008,7/3/2024,Yes,A - ELFA quality standards + licensed,Listed in San Francisco DEC's ELFA quality network and shown as LICENSED in the CDSS child care center export dated 2025-05-25.,"Screening category, not a standardized academic or review-site rating. Check current CCLD inspections/complaints, visit the site, and confirm age fit, availability, cost, staffing, and curriculum.",SF DEC ELFA directory,https://www.ccld.dss.ca.gov/carefacilitysearch/?Rewrite=FacDetail%2F384004835,https://data.ca.gov/dataset/community-care-licensing-facilities,https://legacy.sfdec.org/early-learning-for-all/early-learning-programs/,2025-05-25,2026-09-22,37.7519169,-122.4278155,3810 24TH ST,Exact DataSF address,DataSF Enterprise Addressing System,2026-09-21
The Dahlia School,116 Channel St,San Francisco,CA,94158,DAY CARE CENTER,384004471,LICENSED,42,(415) 583-6450,9/3/2021,Yes,A - ELFA quality standards + licensed,Listed in San Francisco DEC's ELFA quality network and shown as LICENSED in the CDSS child care center export dated 2025-05-25.,"Screening category, not a standardized academic or review-site rating. Check current CCLD inspections/complaints, visit the site, and confirm age fit, availability, cost, staffing, and curriculum.",SF DEC ELFA directory,https://www.ccld.dss.ca.gov/carefacilitysearch/?Rewrite=FacDetail%2F384004471,https://data.ca.gov/dataset/community-care-licensing-facilities,https://legacy.sfdec.org/early-learning-for-all/early-learning-programs/,2025-05-25,2026-09-22,37.7745991,-122.3914935,116 CHANNEL ST,Exact DataSF address,DataSF Enterprise Addressing System,2026-09-21
The Family School,"3101 Mission St, #101",San Francisco,CA,94110,DAY CARE CENTER,384000805,LICENSED,16,(415) 550-4178,10/24/2001,Yes,A - ELFA quality standards + licensed,Listed in San Francisco DEC's ELFA quality network and shown as LICENSED in the CDSS child care center export dated 2025-05-25.,"Screening category, not a standardized academic or review-site rating. Check current CCLD inspections/complaints, visit the site, and confirm age fit, availability, cost, staffing, and curriculum.",SF DEC ELFA directory,https://www.ccld.dss.ca.gov/carefacilitysearch/?Rewrite=FacDetail%2F384000805,https://data.ca.gov/dataset/community-care-licensing-facilities,https://legacy.sfdec.org/early-learning-for-all/early-learning-programs/,2025-05-25,2026-09-22,37.7479934,-122.418133,3101 MISSION ST,Exact DataSF address,DataSF Enterprise Addressing System,2026-09-21
True Sunshine Preschool,"777 Stockton St, Ste 201",San Francisco,CA,94108,DAY CARE CENTER,380504311,LICENSED,44,(415) 956-4207,9/16/1982,Yes,A - ELFA quality standards + licensed,Listed in San Francisco DEC's ELFA quality network and shown as LICENSED in the CDSS child care center export dated 2025-05-25.,"Screening category, not a standardized academic or review-site rating. Check current CCLD inspections/complaints, visit the site, and confirm age fit, availability, cost, staffing, and curriculum.",SF DEC ELFA directory,https://www.ccld.dss.ca.gov/carefacilitysearch/?Rewrite=FacDetail%2F380504311,https://data.ca.gov/dataset/community-care-licensing-facilities,https://legacy.sfdec.org/early-learning-for-all/early-learning-programs/,2025-05-25,2026-09-22,37.7929766,-122.4078474,777 STOCKTON ST,Exact DataSF address,DataSF Enterprise Addressing System,2026-09-21
Wah Mei at Kids by the Bay - Financial District,75 Hawthorne St,San Francisco,CA,94105,DAY CARE CENTER,384004235,LICENSED,30,(415) 665-4212,2/3/2021,Yes,A - ELFA quality standards + licensed,Listed in San Francisco DEC's ELFA quality network and shown as LICENSED in the CDSS child care center export dated 2025-05-25.,"Screening category, not a standardized academic or review-site rating. Check current CCLD inspections/complaints, visit the site, and confirm age fit, availability, cost, staffing, and curriculum.",SF DEC ELFA directory,https://www.ccld.dss.ca.gov/carefacilitysearch/?Rewrite=FacDetail%2F384004235,https://data.ca.gov/dataset/community-care-licensing-facilities,https://legacy.sfdec.org/early-learning-for-all/early-learning-programs/,2025-05-25,2026-09-22,37.7852266,-122.3983567,75 HAWTHORNE ST,Exact DataSF address,DataSF Enterprise Addressing System,2026-09-21
Wah Mei School,1400 Judah St,San Francisco,CA,94122,DAY CARE CENTER,380504314,LICENSED,65,(415) 665-4212,12/4/1981,Yes,A - ELFA quality standards + licensed,Listed in San Francisco DEC's ELFA quality network and shown as LICENSED in the CDSS child care center export dated 2025-05-25.,"Screening category, not a standardized academic or review-site rating. Check current CCLD inspections/complaints, visit the site, and confirm age fit, availability, cost, staffing, and curriculum.",SF DEC ELFA directory,https://www.ccld.dss.ca.gov/carefacilitysearch/?Rewrite=FacDetail%2F380504314,https://data.ca.gov/dataset/community-care-licensing-facilities,https://legacy.sfdec.org/early-learning-for-all/early-learning-programs/,2025-05-25,2026-09-22,37.7618076,-122.4773654,1400 JUDAH ST,Exact DataSF address,DataSF Enterprise Addressing System,2026-09-21
Wu Yee Children's Services - Bayview Child Development Center,1601 Lane St,San Francisco,CA,94124,DAY CARE CENTER,384002433,LICENSED,32,(415) 655-9567,11/6/2013,Yes,A - ELFA quality standards + licensed,Listed in San Francisco DEC's ELFA quality network and shown as LICENSED in the CDSS child care center export dated 2025-05-25.,"Screening category, not a standardized academic or review-site rating. Check current CCLD inspections/complaints, visit the site, and confirm age fit, availability, cost, staffing, and curriculum.",SF DEC ELFA directory,https://www.ccld.dss.ca.gov/carefacilitysearch/?Rewrite=FacDetail%2F384002433,https://data.ca.gov/dataset/community-care-licensing-facilities,https://legacy.sfdec.org/early-learning-for-all/early-learning-programs/,2025-05-25,2026-09-22,37.7318047,-122.3895811,1601 LANE ST,Exact DataSF address,DataSF Enterprise Addressing System,2026-09-21
Wu Yee Children's Services - Generations Child Development Center,1010 Montgomery St,San Francisco,CA,94133,DAY CARE CENTER,380505707,LICENSED,23,(415) 529-1345,9/5/1990,Yes,A - ELFA quality standards + licensed,Listed in San Francisco DEC's ELFA quality network and shown as LICENSED in the CDSS child care center export dated 2025-05-25.,"Screening category, not a standardized academic or review-site rating. Check current CCLD inspections/complaints, visit the site, and confirm age fit, availability, cost, staffing, and curriculum.",SF DEC ELFA directory,https://www.ccld.dss.ca.gov/carefacilitysearch/?Rewrite=FacDetail%2F380505707,https://data.ca.gov/dataset/community-care-licensing-facilities,https://legacy.sfdec.org/early-learning-for-all/early-learning-programs/,2025-05-25,2026-09-22,37.7984936,-122.4037109,1010 MONTGOMERY ST,Exact DataSF address,DataSF Enterprise Addressing System,2026-09-21
Wu Yee Children's Services - Golden Gate Child Development Center,177 Golden Gate Ave,San Francisco,CA,94102,DAY CARE CENTER,380506088,LICENSED,32,(415) 321-3855,2/3/1993,Yes,A - ELFA quality standards + licensed,Listed in San Francisco DEC's ELFA quality network and shown as LICENSED in the CDSS child care center export dated 2025-05-25.,"Screening category, not a standardized academic or review-site rating. Check current CCLD inspections/complaints, visit the site, and confirm age fit, availability, cost, staffing, and curriculum.",SF DEC ELFA directory,https://www.ccld.dss.ca.gov/carefacilitysearch/?Rewrite=FacDetail%2F380506088,https://data.ca.gov/dataset/community-care-licensing-facilities,https://legacy.sfdec.org/early-learning-for-all/early-learning-programs/,2025-05-25,2026-09-22,37.7816681,-122.4135567,177 GOLDEN GATE AVE,Exact DataSF address,DataSF Enterprise Addressing System,2026-09-21
Wu Yee Children's Services - Kirkwood Child Development Center,729 Kirkwood Ave,San Francisco,CA,94124,DAY CARE CENTER,384002529,LICENSED,46,(415) 822-5505,9/8/2014,Yes,A - ELFA quality standards + licensed,Listed in San Francisco DEC's ELFA quality network and shown as LICENSED in the CDSS child care center export dated 2025-05-25.,"Screening category, not a standardized academic or review-site rating. Check current CCLD inspections/complaints, visit the site, and confirm age fit, availability, cost, staffing, and curriculum.",SF DEC ELFA directory,https://www.ccld.dss.ca.gov/carefacilitysearch/?Rewrite=FacDetail%2F384002529,https://data.ca.gov/dataset/community-care-licensing-facilities,https://legacy.sfdec.org/early-learning-for-all/early-learning-programs/,2025-05-25,2026-09-22,37.7288721,-122.3744024,729 KIRKWOOD AVE,Exact DataSF address,DataSF Enterprise Addressing System,2026-09-21
Wu Yee Children's Services - Lok Yuen Child Development Center,"888 Clay St, Lower Level",San Francisco,CA,94108,DAY CARE CENTER,384000493,LICENSED,48,(415) 321-3828,11/3/1998,Yes,A - ELFA quality standards + licensed,Listed in San Francisco DEC's ELFA quality network and shown as LICENSED in the CDSS child care center export dated 2025-05-25.,"Screening category, not a standardized academic or review-site rating. Check current CCLD inspections/complaints, visit the site, and confirm age fit, availability, cost, staffing, and curriculum.",SF DEC ELFA directory,https://www.ccld.dss.ca.gov/carefacilitysearch/?Rewrite=FacDetail%2F384000493,https://data.ca.gov/dataset/community-care-licensing-facilities,https://legacy.sfdec.org/early-learning-for-all/early-learning-programs/,2025-05-25,2026-09-22,37.7941669,-122.4077477,888 CLAY ST,Exact DataSF address,DataSF Enterprise Addressing System,2026-09-21
Wu Yee Children's Services - OMI Child Development Center,1111 Junipero Serra Blvd,San Francisco,CA,94132,DAY CARE CENTER,384002513,LICENSED,45,(415) 239-1502,9/8/2014,Yes,A - ELFA quality standards + licensed,Listed in San Francisco DEC's ELFA quality network and shown as LICENSED in the CDSS child care center export dated 2025-05-25.,"Screening category, not a standardized academic or review-site rating. Check current CCLD inspections/complaints, visit the site, and confirm age fit, availability, cost, staffing, and curriculum.",SF DEC ELFA directory,https://www.ccld.dss.ca.gov/carefacilitysearch/?Rewrite=FacDetail%2F384002513,https://data.ca.gov/dataset/community-care-licensing-facilities,https://legacy.sfdec.org/early-learning-for-all/early-learning-programs/,2025-05-25,2026-09-22,37.7174655,-122.4722532,1111 JUNIPERO SERRA BLVD,Exact DataSF address,DataSF Enterprise Addressing System,2026-09-21
Wu Yee Children's Services - Scotia Early Learning Center,175 Scotia Avenue,San Francisco,CA,94124,DAY CARE CENTER,384004667,LICENSED,18,(415) 285-3600,9/15/2023,Yes,A - ELFA quality standards + licensed,Listed in San Francisco DEC's ELFA quality network and shown as LICENSED in the CDSS child care center export dated 2025-05-25.,"Screening category, not a standardized academic or review-site rating. Check current CCLD inspections/complaints, visit the site, and confirm age fit, availability, cost, staffing, and curriculum.",SF DEC ELFA directory,https://www.ccld.dss.ca.gov/carefacilitysearch/?Rewrite=FacDetail%2F384004667,https://data.ca.gov/dataset/community-care-licensing-facilities,https://legacy.sfdec.org/early-learning-for-all/early-learning-programs/,2025-05-25,2026-09-22,37.7320888,-122.3994653,175 SCOTIA AVE,Exact DataSF address,DataSF Enterprise Addressing System,2026-09-21
Wu Yee Children's Services - Southeast,1550 Evans Ave,San Francisco,CA,94124,DAY CARE CENTER,384004495,LICENSED,53,(415) 282-8200,8/18/2022,Yes,A - ELFA quality standards + licensed,Listed in San Francisco DEC's ELFA quality network and shown as LICENSED in the CDSS child care center export dated 2025-05-25.,"Screening category, not a standardized academic or review-site rating. Check current CCLD inspections/complaints, visit the site, and confirm age fit, availability, cost, staffing, and curriculum.",SF DEC ELFA directory,https://www.ccld.dss.ca.gov/carefacilitysearch/?Rewrite=FacDetail%2F384004495,https://data.ca.gov/dataset/community-care-licensing-facilities,https://legacy.sfdec.org/early-learning-for-all/early-learning-programs/,2025-05-25,2026-09-22,37.7430779,-122.3867806,1550 EVANS AVE,Exact DataSF address,DataSF Enterprise Addressing System,2026-09-21
Wu Yee Children's Services - Sunnydale Child Development Center,1530 Sunnydale Ave,San Francisco,CA,94134,SINGLE LICENSED CHILD CARE CENTER,384004900,LICENSED,76,(415) 321-3844,12/19/2024,Yes,A - ELFA quality standards + licensed,Listed in San Francisco DEC's ELFA quality network and shown as LICENSED in the CDSS child care center export dated 2025-05-25.,"Screening category, not a standardized academic or review-site rating. Check current CCLD inspections/complaints, visit the site, and confirm age fit, availability, cost, staffing, and curriculum.",SF DEC ELFA directory,https://www.ccld.dss.ca.gov/carefacilitysearch/?Rewrite=FacDetail%2F384004900,https://data.ca.gov/dataset/community-care-licensing-facilities,https://legacy.sfdec.org/early-learning-for-all/early-learning-programs/,2025-05-25,2026-09-22,37.7122504,-122.4166138,1530 SUNNYDALE AVE,Exact DataSF address,DataSF Enterprise Addressing System,2026-09-21
Wu Yee Children's Services - Westside Child Development Center,2400 Post St,San Francisco,CA,94115,DAY CARE CENTER,384002531,LICENSED,30,(415) 346-5820,8/18/2014,Yes,A - ELFA quality standards + licensed,Listed in San Francisco DEC's ELFA quality network and shown as LICENSED in the CDSS child care center export dated 2025-05-25.,"Screening category, not a standardized academic or review-site rating. Check current CCLD inspections/complaints, visit the site, and confirm age fit, availability, cost, staffing, and curriculum.",SF DEC ELFA directory,https://www.ccld.dss.ca.gov/carefacilitysearch/?Rewrite=FacDetail%2F384002531,https://data.ca.gov/dataset/community-care-licensing-facilities,https://legacy.sfdec.org/early-learning-for-all/early-learning-programs/,2025-05-25,2026-09-22,37.7841845,-122.4416097,2400 POST ST,Exact DataSF address,DataSF Enterprise Addressing System,2026-09-21
"YMCA of S.F. - YMCA of S.F., Mission Branch, Alice Chalmers Preschool",670 Brunswick Street,San Francisco,CA,94112,DAY CARE CENTER,384004267,LICENSED,32,(415) 586-6900,6/24/2020,Yes,A - ELFA quality standards + licensed,Listed in San Francisco DEC's ELFA quality network and shown as LICENSED in the CDSS child care center export dated 2025-05-25.,"Screening category, not a standardized academic or review-site rating. Check current CCLD inspections/complaints, visit the site, and confirm age fit, availability, cost, staffing, and curriculum.",SF DEC ELFA directory,https://www.ccld.dss.ca.gov/carefacilitysearch/?Rewrite=FacDetail%2F384004267,https://data.ca.gov/dataset/community-care-licensing-facilities,https://legacy.sfdec.org/early-learning-for-all/early-learning-programs/,2025-05-25,2026-09-22,37.7095317,-122.4470033,670 BRUNSWICK ST,Exact DataSF address,DataSF Enterprise Addressing System,2026-09-21
"YMCA of S.F. - YMCA of S.F., Mission Branch, Mission YMCA Preschool",4080 Mission St,San Francisco,CA,94112,DAY CARE CENTER,380503900,LICENSED,42,(415) 452-7582,8/15/1984,Yes,A - ELFA quality standards + licensed,Listed in San Francisco DEC's ELFA quality network and shown as LICENSED in the CDSS child care center export dated 2025-05-25.,"Screening category, not a standardized academic or review-site rating. Check current CCLD inspections/complaints, visit the site, and confirm age fit, availability, cost, staffing, and curriculum.",SF DEC ELFA directory,https://www.ccld.dss.ca.gov/carefacilitysearch/?Rewrite=FacDetail%2F380503900,https://data.ca.gov/dataset/community-care-licensing-facilities,https://legacy.sfdec.org/early-learning-for-all/early-learning-programs/,2025-05-25,2026-09-22,37.7324656,-122.4280496,4080 MISSION ST,Exact DataSF address,DataSF Enterprise Addressing System,2026-09-21
"YMCA of S.F. - YMCA of S.F., Mission Branch, Villa De Kapuso",2350 San Jose Ave,San Francisco,CA,94112,SINGLE LICENSED CHILD CARE CENTER,384004855,LICENSED,50,(415) 586-6900,6/13/2024,Yes,A - ELFA quality standards + licensed,Listed in San Francisco DEC's ELFA quality network and shown as LICENSED in the CDSS child care center export dated 2025-05-25.,"Screening category, not a standardized academic or review-site rating. Check current CCLD inspections/complaints, visit the site, and confirm age fit, availability, cost, staffing, and curriculum.",SF DEC ELFA directory,https://www.ccld.dss.ca.gov/carefacilitysearch/?Rewrite=FacDetail%2F384004855,https://data.ca.gov/dataset/community-care-licensing-facilities,https://legacy.sfdec.org/early-learning-for-all/early-learning-programs/,2025-05-25,2026-09-22,37.7198806,-122.4475299,2350 SAN JOSE AVE,Exact DataSF address,DataSF Enterprise Addressing System,2026-09-21
"YMCA of S.F. - YMCA of S.F., Tung Lok Early Childhood Learning Center",75 Vallejo Street,San Francisco,CA,94111,DAY CARE CENTER,384004449,LICENSED,36,(415) 213-3922,8/27/2021,Yes,A - ELFA quality standards + licensed,Listed in San Francisco DEC's ELFA quality network and shown as LICENSED in the CDSS child care center export dated 2025-05-25.,"Screening category, not a standardized academic or review-site rating. Check current CCLD inspections/complaints, visit the site, and confirm age fit, availability, cost, staffing, and curriculum.",SF DEC ELFA directory,https://www.ccld.dss.ca.gov/carefacilitysearch/?Rewrite=FacDetail%2F384004449,https://data.ca.gov/dataset/community-care-licensing-facilities,https://legacy.sfdec.org/early-learning-for-all/early-learning-programs/,2025-05-25,2026-09-22,37.7996085,-122.399692,75 VALLEJO ST,Exact DataSF address,DataSF Enterprise Addressing System,2026-09-21
"YMCA of S.F. - YMCA of SF., Stonestown Branch, Lutheran Church",1011 Garfield St,San Francisco,CA,94132,DAY CARE CENTER,384002434,LICENSED,32,(415) 452-7582,3/6/2014,Yes,A - ELFA quality standards + licensed,Listed in San Francisco DEC's ELFA quality network and shown as LICENSED in the CDSS child care center export dated 2025-05-25.,"Screening category, not a standardized academic or review-site rating. Check current CCLD inspections/complaints, visit the site, and confirm age fit, availability, cost, staffing, and curriculum.",SF DEC ELFA directory,https://www.ccld.dss.ca.gov/carefacilitysearch/?Rewrite=FacDetail%2F384002434,https://data.ca.gov/dataset/community-care-licensing-facilities,https://legacy.sfdec.org/early-learning-for-all/early-learning-programs/,2025-05-25,2026-09-22,37.7193995,-122.4719663,1011 GARFIELD ST,Exact DataSF address; source ZIP differs,DataSF Enterprise Addressing System,2026-09-21
Alta Plaza Preschool,2140 Pierce Street,San Francisco,CA,94115,DAY CARE CENTER,384000037,LICENSED,30,(415) 928-6483,10/30/1995,No,B - Licensed; no ELFA designation found,Shown as LICENSED in the CDSS child care center export dated 2025-05-25; no matching preschool license was found in the current SF DEC ELFA directory. ELFA participation is not universal.,"Screening category, not a standardized academic or review-site rating. Check current CCLD inspections/complaints, visit the site, and confirm age fit, availability, cost, staffing, and curriculum.",CDSS export,https://www.ccld.dss.ca.gov/carefacilitysearch/?Rewrite=FacDetail%2F384000037,https://data.ca.gov/dataset/community-care-licensing-facilities,https://legacy.sfdec.org/early-learning-for-all/early-learning-programs/,2025-05-25,2026-09-22,37.7902013,-122.4371918,2140 PIERCE ST,Exact DataSF address,DataSF Enterprise Addressing System,2026-09-21
Amigos De Presidio Heights,3437 Clay Street,San Francisco,CA,94118,DAY CARE CENTER,384004665,LICENSED,15,(415) 745-0012,6/7/2023,No,B - Licensed; no ELFA designation found,Shown as LICENSED in the CDSS child care center export dated 2025-05-25; no matching preschool license was found in the current SF DEC ELFA directory. ELFA participation is not universal.,"Screening category, not a standardized academic or review-site rating. Check current CCLD inspections/complaints, visit the site, and confirm age fit, availability, cost, staffing, and curriculum.",CDSS export,https://www.ccld.dss.ca.gov/carefacilitysearch/?Rewrite=FacDetail%2F384004665,https://data.ca.gov/dataset/community-care-licensing-facilities,https://legacy.sfdec.org/early-learning-for-all/early-learning-programs/,2025-05-25,2026-09-22,37.7884708,-122.4495972,3437 CLAY ST,Exact DataSF address,DataSF Enterprise Addressing System,2026-09-21
Apple Tree Children Center- Preschool,1331 Harrison Street,San Francisco,CA,94103,DAY CARE CENTER,384004188,LICENSED,21,(415) 695-4726,1/28/2020,No,B - Licensed; no ELFA designation found,Shown as LICENSED in the CDSS child care center export dated 2025-05-25; no matching preschool license was found in the current SF DEC ELFA directory. ELFA participation is not universal.,"Screening category, not a standardized academic or review-site rating. Check current CCLD inspections/complaints, visit the site, and confirm age fit, availability, cost, staffing, and curriculum.",CDSS export,https://www.ccld.dss.ca.gov/carefacilitysearch/?Rewrite=FacDetail%2F384004188,https://data.ca.gov/dataset/community-care-licensing-facilities,https://legacy.sfdec.org/early-learning-for-all/early-learning-programs/,2025-05-25,2026-09-22,37.7719714,-122.4104066,1331 HARRISON ST,Exact DataSF address,DataSF Enterprise Addressing System,2026-09-21
Apple Tree Children Center-Preschool,888 Folsom Street,San Francisco,CA,94107,DAY CARE CENTER,384004774,LICENSED,53,(415) 695-4726,9/28/2023,No,B - Licensed; no ELFA designation found,Shown as LICENSED in the CDSS child care center export dated 2025-05-25; no matching preschool license was found in the current SF DEC ELFA directory. ELFA participation is not universal.,"Screening category, not a standardized academic or review-site rating. Check current CCLD inspections/complaints, visit the site, and confirm age fit, availability, cost, staffing, and curriculum.",CDSS export,https://www.ccld.dss.ca.gov/carefacilitysearch/?Rewrite=FacDetail%2F384004774,https://data.ca.gov/dataset/community-care-licensing-facilities,https://legacy.sfdec.org/early-learning-for-all/early-learning-programs/,2025-05-25,2026-09-22,37.7807916,-122.4032731,888 FOLSOM ST,Exact DataSF address,DataSF Enterprise Addressing System,2026-09-21
"Ark Christian Preschool, The",3141 Vicente Street,San Francisco,CA,94116,DAY CARE CENTER,380504714,LICENSED,70,(415) 731-0912,11/22/1985,No,B - Licensed; no ELFA designation found,Shown as LICENSED in the CDSS child care center export dated 2025-05-25; no matching preschool license was found in the current SF DEC ELFA directory. ELFA participation is not universal.,"Screening category, not a standardized academic or review-site rating. Check current CCLD inspections/complaints, visit the site, and confirm age fit, availability, cost, staffing, and curriculum.",CDSS export,https://www.ccld.dss.ca.gov/carefacilitysearch/?Rewrite=FacDetail%2F380504714,https://data.ca.gov/dataset/community-care-licensing-facilities,https://legacy.sfdec.org/early-learning-for-all/early-learning-programs/,2025-05-25,2026-09-22,37.7380336,-122.5008707,3141 VICENTE ST,Exact DataSF address,DataSF Enterprise Addressing System,2026-09-21
"Au P'Tit Monde, Inc.",1100 Divisadero Street,San Francisco,CA,94115,DAY CARE CENTER,384004012,LICENSED,50,(415) 374-1876,10/29/2019,No,B - Licensed; no ELFA designation found,Shown as LICENSED in the CDSS child care center export dated 2025-05-25; no matching preschool license was found in the current SF DEC ELFA directory. ELFA participation is not universal.,"Screening category, not a standardized academic or review-site rating. Check current CCLD inspections/complaints, visit the site, and confirm age fit, availability, cost, staffing, and curriculum.",CDSS export,https://www.ccld.dss.ca.gov/carefacilitysearch/?Rewrite=FacDetail%2F384004012,https://data.ca.gov/dataset/community-care-licensing-facilities,https://legacy.sfdec.org/early-learning-for-all/early-learning-programs/,2025-05-25,2026-09-22,37.7800508,-122.4384968,1100 DIVISADERO ST,Exact DataSF address,DataSF Enterprise Addressing System,2026-09-21
"Avenues Kindercare, The",334 28Th Avenue,San Francisco,CA,94121,DAY CARE CENTER,384004134,LICENSED,94,(415) 221-6133,8/9/2019,No,B - Licensed; no ELFA designation found,Shown as LICENSED in the CDSS child care center export dated 2025-05-25; no matching preschool license was found in the current SF DEC ELFA directory. ELFA participation is not universal.,"Screening category, not a standardized academic or review-site rating. Check current CCLD inspections/complaints, visit the site, and confirm age fit, availability, cost, staffing, and curriculum.",CDSS export,https://www.ccld.dss.ca.gov/carefacilitysearch/?Rewrite=FacDetail%2F384004134,https://data.ca.gov/dataset/community-care-licensing-facilities,https://legacy.sfdec.org/early-learning-for-all/early-learning-programs/,2025-05-25,2026-09-22,37.7830224,-122.4878392,334 28TH AVE,Exact DataSF address,DataSF Enterprise Addressing System,2026-09-21
Bambini Montessori School,2042 Clement Street,San Francisco,CA,94121,DAY CARE CENTER,384002471,LICENSED,30,(415) 668-8828,5/30/2014,No,B - Licensed; no ELFA designation found,Shown as LICENSED in the CDSS child care center export dated 2025-05-25; no matching preschool license was found in the current SF DEC ELFA directory. ELFA participation is not universal.,"Screening category, not a standardized academic or review-site rating. Check current CCLD inspections/complaints, visit the site, and confirm age fit, availability, cost, staffing, and curriculum.",CDSS export,https://www.ccld.dss.ca.gov/carefacilitysearch/?Rewrite=FacDetail%2F384002471,https://data.ca.gov/dataset/community-care-licensing-facilities,https://legacy.sfdec.org/early-learning-for-all/early-learning-programs/,2025-05-25,2026-09-22,37.7824254,-122.4814113,2042 CLEMENT ST,Exact DataSF address,DataSF Enterprise Addressing System,2026-09-21
Big City Montessori School,240 Industrial Street,San Francisco,CA,94124,DAY CARE CENTER,380503028,LICENSED,100,(415) 648-5777,6/19/1980,No,B - Licensed; no ELFA designation found,Shown as LICENSED in the CDSS child care center export dated 2025-05-25; no matching preschool license was found in the current SF DEC ELFA directory. ELFA participation is not universal.,"Screening category, not a standardized academic or review-site rating. Check current CCLD inspections/complaints, visit the site, and confirm age fit, availability, cost, staffing, and curriculum.",CDSS export,https://www.ccld.dss.ca.gov/carefacilitysearch/?Rewrite=FacDetail%2F380503028,https://data.ca.gov/dataset/community-care-licensing-facilities,https://legacy.sfdec.org/early-learning-for-all/early-learning-programs/,2025-05-25,2026-09-22,37.7386532,-122.4053139,240 INDUSTRIAL ST,Exact DataSF address,DataSF Enterprise Addressing System,2026-09-21
Bright Horizons San Francisco California St-Presch,555 California Street,San Francisco,CA,94104,DAY CARE CENTER,384000103,LICENSED,12,(415) 392-7531,1/12/1996,No,B - Licensed; no ELFA designation found,Shown as LICENSED in the CDSS child care center export dated 2025-05-25; no matching preschool license was found in the current SF DEC ELFA directory. ELFA participation is not universal.,"Screening category, not a standardized academic or review-site rating. Check current CCLD inspections/complaints, visit the site, and confirm age fit, availability, cost, staffing, and curriculum.",CDSS export,https://www.ccld.dss.ca.gov/carefacilitysearch/?Rewrite=FacDetail%2F384000103,https://data.ca.gov/dataset/community-care-licensing-facilities,https://legacy.sfdec.org/early-learning-for-all/early-learning-programs/,2025-05-25,2026-09-22,37.7925796,-122.4035181,555 CALIFORNIA ST,Exact DataSF address,DataSF Enterprise Addressing System,2026-09-21
Building Kidz Of SF-Pacific Heights,2426 California Street,San Francisco,CA,94115,SINGLE LICENSED CHILD CARE CENTER,384004854,LICENSED,36,(415) 839-5188,7/15/2024,No,B - Licensed; no ELFA designation found,Shown as LICENSED in the CDSS child care center export dated 2025-05-25; no matching preschool license was found in the current SF DEC ELFA directory. ELFA participation is not universal.,"Screening category, not a standardized academic or review-site rating. Check current CCLD inspections/complaints, visit the site, and confirm age fit, availability, cost, staffing, and curriculum.",CDSS export,https://www.ccld.dss.ca.gov/carefacilitysearch/?Rewrite=FacDetail%2F384004854,https://data.ca.gov/dataset/community-care-licensing-facilities,https://legacy.sfdec.org/early-learning-for-all/early-learning-programs/,2025-05-25,2026-09-22,37.789124,-122.4345078,2426 CALIFORNIA ST,Exact DataSF address,DataSF Enterprise Addressing System,2026-09-21
Building Kidz On 20Th Avenue,1258 20Th Avenue,San Francisco,CA,94122,DAY CARE CENTER,384004791,LICENSED,26,(415) 494-1305,12/28/2023,No,B - Licensed; no ELFA designation found,Shown as LICENSED in the CDSS child care center export dated 2025-05-25; no matching preschool license was found in the current SF DEC ELFA directory. ELFA participation is not universal.,"Screening category, not a standardized academic or review-site rating. Check current CCLD inspections/complaints, visit the site, and confirm age fit, availability, cost, staffing, and curriculum.",CDSS export,https://www.ccld.dss.ca.gov/carefacilitysearch/?Rewrite=FacDetail%2F384004791,https://data.ca.gov/dataset/community-care-licensing-facilities,https://legacy.sfdec.org/early-learning-for-all/early-learning-programs/,2025-05-25,2026-09-22,37.7642935,-122.4779186,1258 20TH AVE,Exact DataSF address,DataSF Enterprise Addressing System,2026-09-21
Building Kidz On 20Th Avenue,1214 20Th Avenue,San Francisco,CA,94122,DAY CARE CENTER,384004823,LICENSED,20,(415) 494-1305,12/28/2023,No,B - Licensed; no ELFA designation found,Shown as LICENSED in the CDSS child care center export dated 2025-05-25; no matching preschool license was found in the current SF DEC ELFA directory. ELFA participation is not universal.,"Screening category, not a standardized academic or review-site rating. Check current CCLD inspections/complaints, visit the site, and confirm age fit, availability, cost, staffing, and curriculum.",CDSS export,https://www.ccld.dss.ca.gov/carefacilitysearch/?Rewrite=FacDetail%2F384004823,https://data.ca.gov/dataset/community-care-licensing-facilities,https://legacy.sfdec.org/early-learning-for-all/early-learning-programs/,2025-05-25,2026-09-22,37.764979,-122.4779666,1214 20TH AVE,Exact DataSF address,DataSF Enterprise Addressing System,2026-09-21
Building Kidz San Francisco At Sunset,2540 Taraval Street,San Francisco,CA,94116,DAY CARE CENTER,384004605,LICENSED,49,(949) 735-7470,10/28/2022,No,B - Licensed; no ELFA designation found,Shown as LICENSED in the CDSS child care center export dated 2025-05-25; no matching preschool license was found in the current SF DEC ELFA directory. ELFA participation is not universal.,"Screening category, not a standardized academic or review-site rating. Check current CCLD inspections/complaints, visit the site, and confirm age fit, availability, cost, staffing, and curriculum.",CDSS export,https://www.ccld.dss.ca.gov/carefacilitysearch/?Rewrite=FacDetail%2F384004605,https://data.ca.gov/dataset/community-care-licensing-facilities,https://legacy.sfdec.org/early-learning-for-all/early-learning-programs/,2025-05-25,2026-09-22,37.7425068,-122.4936655,2540 TARAVAL ST,Exact DataSF address,DataSF Enterprise Addressing System,2026-09-21
Building Kidz School Of San Francisco,143 Clement Street,San Francisco,CA,94118,DAY CARE CENTER,384004137,LICENSED,25,(951) 893-7303,11/1/2019,No,B - Licensed; no ELFA designation found,Shown as LICENSED in the CDSS child care center export dated 2025-05-25; no matching preschool license was found in the current SF DEC ELFA directory. ELFA participation is not universal.,"Screening category, not a standardized academic or review-site rating. Check current CCLD inspections/complaints, visit the site, and confirm age fit, availability, cost, staffing, and curriculum.",CDSS export,https://www.ccld.dss.ca.gov/carefacilitysearch/?Rewrite=FacDetail%2F384004137,https://data.ca.gov/dataset/community-care-licensing-facilities,https://legacy.sfdec.org/early-learning-for-all/early-learning-programs/,2025-05-25,2026-09-22,37.7828652,-122.4608278,143 CLEMENT ST,Exact DataSF address,DataSF Enterprise Addressing System,2026-09-21
Calvary Presbyterian Church Nursery School,2515 Fillmore Street,San Francisco,CA,94115,DAY CARE CENTER,380500099,LICENSED,75,(415) 346-4715,5/28/1975,No,B - Licensed; no ELFA designation found,Shown as LICENSED in the CDSS child care center export dated 2025-05-25; no matching preschool license was found in the current SF DEC ELFA directory. ELFA participation is not universal.,"Screening category, not a standardized academic or review-site rating. Check current CCLD inspections/complaints, visit the site, and confirm age fit, availability, cost, staffing, and curriculum.",CDSS export,https://www.ccld.dss.ca.gov/carefacilitysearch/?Rewrite=FacDetail%2F380500099,https://data.ca.gov/dataset/community-care-licensing-facilities,https://legacy.sfdec.org/early-learning-for-all/early-learning-programs/,2025-05-25,2026-09-22,37.792712,-122.4350904,2515 FILLMORE ST,Exact DataSF address,DataSF Enterprise Addressing System,2026-09-21
"Casa Dei Bambini School, Inc.",2401 Taraval Street,San Francisco,CA,94116,DAY CARE CENTER,384004272,LICENSED,29,(650) 521-1313,6/29/2020,No,B - Licensed; no ELFA designation found,Shown as LICENSED in the CDSS child care center export dated 2025-05-25; no matching preschool license was found in the current SF DEC ELFA directory. ELFA participation is not universal.,"Screening category, not a standardized academic or review-site rating. Check current CCLD inspections/complaints, visit the site, and confirm age fit, availability, cost, staffing, and curriculum.",CDSS export,https://www.ccld.dss.ca.gov/carefacilitysearch/?Rewrite=FacDetail%2F384004272,https://data.ca.gov/dataset/community-care-licensing-facilities,https://legacy.sfdec.org/early-learning-for-all/early-learning-programs/,2025-05-25,2026-09-22,37.7420883,-122.4919267,2401 TARAVAL ST,Exact DataSF address,DataSF Enterprise Addressing System,2026-09-21
Centro Primeros Pasos,901 Bayshore Blvd,San Francisco,CA,94124,DAY CARE CENTER,384003076,LICENSED,56,(415) 349-4519,5/10/2019,No,B - Licensed; no ELFA designation found,Shown as LICENSED in the CDSS child care center export dated 2025-05-25; no matching preschool license was found in the current SF DEC ELFA directory. ELFA participation is not universal.,"Screening category, not a standardized academic or review-site rating. Check current CCLD inspections/complaints, visit the site, and confirm age fit, availability, cost, staffing, and curriculum.",CDSS export,https://www.ccld.dss.ca.gov/carefacilitysearch/?Rewrite=FacDetail%2F384003076,https://data.ca.gov/dataset/community-care-licensing-facilities,https://legacy.sfdec.org/early-learning-for-all/early-learning-programs/,2025-05-25,2026-09-22,37.7326331,-122.4042122,901 BAY SHORE BLVD,DataSF normalized street match,DataSF Enterprise Addressing System,2026-09-21
Centro Primeros Pasos,1270 Sanchez Street,San Francisco,CA,94114,DAY CARE CENTER,384004764,LICENSED,40,(650) 369-7867,9/11/2023,No,B - Licensed; no ELFA designation found,Shown as LICENSED in the CDSS child care center export dated 2025-05-25; no matching preschool license was found in the current SF DEC ELFA directory. ELFA participation is not universal.,"Screening category, not a standardized academic or review-site rating. Check current CCLD inspections/complaints, visit the site, and confirm age fit, availability, cost, staffing, and curriculum.",CDSS export,https://www.ccld.dss.ca.gov/carefacilitysearch/?Rewrite=FacDetail%2F384004764,https://data.ca.gov/dataset/community-care-licensing-facilities,https://legacy.sfdec.org/early-learning-for-all/early-learning-programs/,2025-05-25,2026-09-22,37.7488987,-122.4296771,1270 SANCHEZ ST,Exact DataSF address,DataSF Enterprise Addressing System,2026-09-21
"Children'S Day School, Inc.",333 Dolores Street,San Francisco,CA,94110,DAY CARE CENTER,384000199,LICENSED,72,(415) 861-5432,10/9/1996,No,B - Licensed; no ELFA designation found,Shown as LICENSED in the CDSS child care center export dated 2025-05-25; no matching preschool license was found in the current SF DEC ELFA directory. ELFA participation is not universal.,"Screening category, not a standardized academic or review-site rating. Check current CCLD inspections/complaints, visit the site, and confirm age fit, availability, cost, staffing, and curriculum.",CDSS export,https://www.ccld.dss.ca.gov/carefacilitysearch/?Rewrite=FacDetail%2F384000199,https://data.ca.gov/dataset/community-care-licensing-facilities,https://legacy.sfdec.org/early-learning-for-all/early-learning-programs/,2025-05-25,2026-09-22,37.7642545,-122.4252,333 DOLORES ST,Exact DataSF address,DataSF Enterprise Addressing System,2026-09-21
Chinese American International School,3250 19Th Avenue,San Francisco,CA,94132,SINGLE LICENSED CHILD CARE CENTER,384004878,LICENSED,120,(415) 865-6088,8/30/2024,No,B - Licensed; no ELFA designation found,Shown as LICENSED in the CDSS child care center export dated 2025-05-25; no matching preschool license was found in the current SF DEC ELFA directory. ELFA participation is not universal.,"Screening category, not a standardized academic or review-site rating. Check current CCLD inspections/complaints, visit the site, and confirm age fit, availability, cost, staffing, and curriculum.",CDSS export,https://www.ccld.dss.ca.gov/carefacilitysearch/?Rewrite=FacDetail%2F384004878,https://data.ca.gov/dataset/community-care-licensing-facilities,https://legacy.sfdec.org/early-learning-for-all/early-learning-programs/,2025-05-25,2026-09-22,37.7295001,-122.473589,3250 19TH AVE,Exact DataSF address,DataSF Enterprise Addressing System,2026-09-21
"Cielito Lindo Montessori School, LLC",101 Gold Mine Drive,San Francisco,CA,94131,DAY CARE CENTER,384002957,LICENSED,24,(415) 757-0009,10/26/2017,No,B - Licensed; no ELFA designation found,Shown as LICENSED in the CDSS child care center export dated 2025-05-25; no matching preschool license was found in the current SF DEC ELFA directory. ELFA participation is not universal.,"Screening category, not a standardized academic or review-site rating. Check current CCLD inspections/complaints, visit the site, and confirm age fit, availability, cost, staffing, and curriculum.",CDSS export,https://www.ccld.dss.ca.gov/carefacilitysearch/?Rewrite=FacDetail%2F384002957,https://data.ca.gov/dataset/community-care-licensing-facilities,https://legacy.sfdec.org/early-learning-for-all/early-learning-programs/,2025-05-25,2026-09-22,37.7431883,-122.4378,101 GOLD MINE DR,Exact DataSF address,DataSF Enterprise Addressing System,2026-09-21
City Sprouts Preschool,1466 38Th Ave,San Francisco,CA,94122,DAY CARE CENTER,384003095,LICENSED,26,(415) 971-1394,11/21/2019,No,B - Licensed; no ELFA designation found,Shown as LICENSED in the CDSS child care center export dated 2025-05-25; no matching preschool license was found in the current SF DEC ELFA directory. ELFA participation is not universal.,"Screening category, not a standardized academic or review-site rating. Check current CCLD inspections/complaints, visit the site, and confirm age fit, availability, cost, staffing, and curriculum.",CDSS export,https://www.ccld.dss.ca.gov/carefacilitysearch/?Rewrite=FacDetail%2F384003095,https://data.ca.gov/dataset/community-care-licensing-facilities,https://legacy.sfdec.org/early-learning-for-all/early-learning-programs/,2025-05-25,2026-09-22,37.7595773,-122.4969553,1466 38TH AVE,Exact DataSF address,DataSF Enterprise Addressing System,2026-09-21
Color Me French Preschool LLC,125 Clement Street,San Francisco,CA,94118,DAY CARE CENTER,384002992,LICENSED,19,(415) 724-3646,12/15/2017,No,B - Licensed; no ELFA designation found,Shown as LICENSED in the CDSS child care center export dated 2025-05-25; no matching preschool license was found in the current SF DEC ELFA directory. ELFA participation is not universal.,"Screening category, not a standardized academic or review-site rating. Check current CCLD inspections/complaints, visit the site, and confirm age fit, availability, cost, staffing, and curriculum.",CDSS export,https://www.ccld.dss.ca.gov/carefacilitysearch/?Rewrite=FacDetail%2F384002992,https://data.ca.gov/dataset/community-care-licensing-facilities,https://legacy.sfdec.org/early-learning-for-all/early-learning-programs/,2025-05-25,2026-09-22,37.7828771,-122.4605691,125 CLEMENT ST,Exact DataSF address,DataSF Enterprise Addressing System,2026-09-21
Cornerstone Academy,1925 Lawton Street,San Francisco,CA,94122,DAY CARE CENTER,380501237,LICENSED,44,(415) 665-9747,1/9/1976,No,B - Licensed; no ELFA designation found,Shown as LICENSED in the CDSS child care center export dated 2025-05-25; no matching preschool license was found in the current SF DEC ELFA directory. ELFA participation is not universal.,"Screening category, not a standardized academic or review-site rating. Check current CCLD inspections/complaints, visit the site, and confirm age fit, availability, cost, staffing, and curriculum.",CDSS export,https://www.ccld.dss.ca.gov/carefacilitysearch/?Rewrite=FacDetail%2F380501237,https://data.ca.gov/dataset/community-care-licensing-facilities,https://legacy.sfdec.org/early-learning-for-all/early-learning-programs/,2025-05-25,2026-09-22,37.7574179,-122.4836625,1925 LAWTON ST,Exact DataSF address,DataSF Enterprise Addressing System,2026-09-21
Cornerstone Academy,1943 Lawton Street,San Francisco,CA,94122,DAY CARE CENTER,380503897,LICENSED,60,(415) 665-9747,3/16/1982,No,B - Licensed; no ELFA designation found,Shown as LICENSED in the CDSS child care center export dated 2025-05-25; no matching preschool license was found in the current SF DEC ELFA directory. ELFA participation is not universal.,"Screening category, not a standardized academic or review-site rating. Check current CCLD inspections/complaints, visit the site, and confirm age fit, availability, cost, staffing, and curriculum.",CDSS export,https://www.ccld.dss.ca.gov/carefacilitysearch/?Rewrite=FacDetail%2F380503897,https://data.ca.gov/dataset/community-care-licensing-facilities,https://legacy.sfdec.org/early-learning-for-all/early-learning-programs/,2025-05-25,2026-09-22,37.7574725,-122.4839828,1943 LAWTON ST,Exact DataSF address,DataSF Enterprise Addressing System,2026-09-21
Cornerstone Academy,801 Silver Avenue,San Francisco,CA,94134,DAY CARE CENTER,380505466,LICENSED,378,(415) 587-7256,10/12/1989,No,B - Licensed; no ELFA designation found,Shown as LICENSED in the CDSS child care center export dated 2025-05-25; no matching preschool license was found in the current SF DEC ELFA directory. ELFA participation is not universal.,"Screening category, not a standardized academic or review-site rating. Check current CCLD inspections/complaints, visit the site, and confirm age fit, availability, cost, staffing, and curriculum.",CDSS export,https://www.ccld.dss.ca.gov/carefacilitysearch/?Rewrite=FacDetail%2F380505466,https://data.ca.gov/dataset/community-care-licensing-facilities,https://legacy.sfdec.org/early-learning-for-all/early-learning-programs/,2025-05-25,2026-09-22,37.7294421,-122.4183521,801 SILVER AVE,Exact DataSF address,DataSF Enterprise Addressing System,2026-09-21
Creative Gardens,1429 Valencia Street,San Francisco,CA,94110,DAY CARE CENTER,384004110,LICENSED,56,(415) 577-8389,11/6/2019,No,B - Licensed; no ELFA designation found,Shown as LICENSED in the CDSS child care center export dated 2025-05-25; no matching preschool license was found in the current SF DEC ELFA directory. ELFA participation is not universal.,"Screening category, not a standardized academic or review-site rating. Check current CCLD inspections/complaints, visit the site, and confirm age fit, availability, cost, staffing, and curriculum.",CDSS export,https://www.ccld.dss.ca.gov/carefacilitysearch/?Rewrite=FacDetail%2F384004110,https://data.ca.gov/dataset/community-care-licensing-facilities,https://legacy.sfdec.org/early-learning-for-all/early-learning-programs/,2025-05-25,2026-09-22,37.7498913,-122.4201007,1429 VALENCIA ST,Exact DataSF address,DataSF Enterprise Addressing System,2026-09-21
Creative Montessori Preschool,3101 Vicente Street,San Francisco,CA,94116,DAY CARE CENTER,384004021,LICENSED,52,(415) 661-2828,4/9/2019,No,B - Licensed; no ELFA designation found,Shown as LICENSED in the CDSS child care center export dated 2025-05-25; no matching preschool license was found in the current SF DEC ELFA directory. ELFA participation is not universal.,"Screening category, not a standardized academic or review-site rating. Check current CCLD inspections/complaints, visit the site, and confirm age fit, availability, cost, staffing, and curriculum.",CDSS export,https://www.ccld.dss.ca.gov/carefacilitysearch/?Rewrite=FacDetail%2F384004021,https://data.ca.gov/dataset/community-care-licensing-facilities,https://legacy.sfdec.org/early-learning-for-all/early-learning-programs/,2025-05-25,2026-09-22,37.7380332,-122.5002274,3101 VICENTE ST,Exact DataSF address,DataSF Enterprise Addressing System,2026-09-21
Cypress School Of San Francisco,387 Moraga Avenue,San Francisco,CA,94129,DAY CARE CENTER,384004684,LICENSED,150,(415) 921-2328,5/8/2023,No,B - Licensed; no ELFA designation found,Shown as LICENSED in the CDSS child care center export dated 2025-05-25; no matching preschool license was found in the current SF DEC ELFA directory. ELFA participation is not universal.,"Screening category, not a standardized academic or review-site rating. Check current CCLD inspections/complaints, visit the site, and confirm age fit, availability, cost, staffing, and curriculum.",CDSS export,https://www.ccld.dss.ca.gov/carefacilitysearch/?Rewrite=FacDetail%2F384004684,https://data.ca.gov/dataset/community-care-licensing-facilities,https://legacy.sfdec.org/early-learning-for-all/early-learning-programs/,2025-05-25,2026-09-22,37.7976742,-122.4610185,387 MORAGA AVE,Exact DataSF address,DataSF Enterprise Addressing System,2026-09-21
Donum Dei Nest Preschool,1550 Treat Avenue,San Francisco,CA,94110,DAY CARE CENTER,384004802,LICENSED,12,(415) 874-9631,8/12/2024,No,B - Licensed; no ELFA designation found,Shown as LICENSED in the CDSS child care center export dated 2025-05-25; no matching preschool license was found in the current SF DEC ELFA directory. ELFA participation is not universal.,"Screening category, not a standardized academic or review-site rating. Check current CCLD inspections/complaints, visit the site, and confirm age fit, availability, cost, staffing, and curriculum.",CDSS export,https://www.ccld.dss.ca.gov/carefacilitysearch/?Rewrite=FacDetail%2F384004802,https://data.ca.gov/dataset/community-care-licensing-facilities,https://legacy.sfdec.org/early-learning-for-all/early-learning-programs/,2025-05-25,2026-09-22,37.7459309,-122.4126946,1550 TREAT AVE,Exact DataSF address,DataSF Enterprise Addressing System,2026-09-21
Explorer Mandarin Immersion,1457 9Th Avenue,San Francisco,CA,94122,DAY CARE CENTER,384004460,LICENSED,38,(415) 425-3248,12/17/2021,No,B - Licensed; no ELFA designation found,Shown as LICENSED in the CDSS child care center export dated 2025-05-25; no matching preschool license was found in the current SF DEC ELFA directory. ELFA participation is not universal.,"Screening category, not a standardized academic or review-site rating. Check current CCLD inspections/complaints, visit the site, and confirm age fit, availability, cost, staffing, and curriculum.",CDSS export,https://www.ccld.dss.ca.gov/carefacilitysearch/?Rewrite=FacDetail%2F384004460,https://data.ca.gov/dataset/community-care-licensing-facilities,https://legacy.sfdec.org/early-learning-for-all/early-learning-programs/,2025-05-25,2026-09-22,37.7611266,-122.4664374,1457 09TH AVE,DataSF normalized street match,DataSF Enterprise Addressing System,2026-09-21
Frandelja Fairfax,901 B Fairfax Avenue,San Francisco,CA,94124,DAY CARE CENTER,384002982,LICENSED,56,(415) 822-1699,12/14/2017,No,B - Licensed; no ELFA designation found,Shown as LICENSED in the CDSS child care center export dated 2025-05-25; no matching preschool license was found in the current SF DEC ELFA directory. ELFA participation is not universal.,"Screening category, not a standardized academic or review-site rating. Check current CCLD inspections/complaints, visit the site, and confirm age fit, availability, cost, staffing, and curriculum.",CDSS export,https://www.ccld.dss.ca.gov/carefacilitysearch/?Rewrite=FacDetail%2F384002982,https://data.ca.gov/dataset/community-care-licensing-facilities,https://legacy.sfdec.org/early-learning-for-all/early-learning-programs/,2025-05-25,2026-09-22,37.7352218,-122.3806594,901 A FAIRFAX AVE,DataSF normalized street match,DataSF Enterprise Addressing System,2026-09-21
Friends Of Potrero Hill Nursery School,1060-A Tennessee Street,San Francisco,CA,94107,DAY CARE CENTER,384002303,LICENSED,30,(415) 864-5464,8/30/2012,No,B - Licensed; no ELFA designation found,Shown as LICENSED in the CDSS child care center export dated 2025-05-25; no matching preschool license was found in the current SF DEC ELFA directory. ELFA participation is not universal.,"Screening category, not a standardized academic or review-site rating. Check current CCLD inspections/complaints, visit the site, and confirm age fit, availability, cost, staffing, and curriculum.",CDSS export,https://www.ccld.dss.ca.gov/carefacilitysearch/?Rewrite=FacDetail%2F384002303,https://data.ca.gov/dataset/community-care-licensing-facilities,https://legacy.sfdec.org/early-learning-for-all/early-learning-programs/,2025-05-25,2026-09-22,37.7584029,-122.3895554,1060 A TENNESSEE ST,Exact DataSF address,DataSF Enterprise Addressing System,2026-09-21
Gan Noe Preschool,3781 Cesar Chavez Street,San Francisco,CA,94110,DAY CARE CENTER,384002445,LICENSED,30,(415) 648-8000,9/3/2014,No,B - Licensed; no ELFA designation found,Shown as LICENSED in the CDSS child care center export dated 2025-05-25; no matching preschool license was found in the current SF DEC ELFA directory. ELFA participation is not universal.,"Screening category, not a standardized academic or review-site rating. Check current CCLD inspections/complaints, visit the site, and confirm age fit, availability, cost, staffing, and curriculum.",CDSS export,https://www.ccld.dss.ca.gov/carefacilitysearch/?Rewrite=FacDetail%2F384002445,https://data.ca.gov/dataset/community-care-licensing-facilities,https://legacy.sfdec.org/early-learning-for-all/early-learning-programs/,2025-05-25,2026-09-22,37.7476643,-122.4242018,3781 CESAR CHAVEZ ST,Exact DataSF address,DataSF Enterprise Addressing System,2026-09-21
"Garden School, The",4037 24Th Street,San Francisco,CA,94114,DAY CARE CENTER,384004582,LICENSED,24,(415) 619-2293,10/11/2022,No,B - Licensed; no ELFA designation found,Shown as LICENSED in the CDSS child care center export dated 2025-05-25; no matching preschool license was found in the current SF DEC ELFA directory. ELFA participation is not universal.,"Screening category, not a standardized academic or review-site rating. Check current CCLD inspections/complaints, visit the site, and confirm age fit, availability, cost, staffing, and curriculum.",CDSS export,https://www.ccld.dss.ca.gov/carefacilitysearch/?Rewrite=FacDetail%2F384004582,https://data.ca.gov/dataset/community-care-licensing-facilities,https://legacy.sfdec.org/early-learning-for-all/early-learning-programs/,2025-05-25,2026-09-22,37.7511312,-122.432718,4037 24TH ST,Exact DataSF address,DataSF Enterprise Addressing System,2026-09-21
Gates And Bridges Preschool,1601 10Th Avenue,San Francisco,CA,94122,DAY CARE CENTER,380504276,LICENSED,16,(415) 664-3005,6/22/1984,No,B - Licensed; no ELFA designation found,Shown as LICENSED in the CDSS child care center export dated 2025-05-25; no matching preschool license was found in the current SF DEC ELFA directory. ELFA participation is not universal.,"Screening category, not a standardized academic or review-site rating. Check current CCLD inspections/complaints, visit the site, and confirm age fit, availability, cost, staffing, and curriculum.",CDSS export,https://www.ccld.dss.ca.gov/carefacilitysearch/?Rewrite=FacDetail%2F380504276,https://data.ca.gov/dataset/community-care-licensing-facilities,https://legacy.sfdec.org/early-learning-for-all/early-learning-programs/,2025-05-25,2026-09-22,37.7582539,-122.4671471,1601 10TH AVE,Exact DataSF address,DataSF Enterprise Addressing System,2026-09-21
German International School Of Silicon Valley,117 Diamond Street,San Francisco,CA,94114,DAY CARE CENTER,384004290,LICENSED,64,(650) 254-0748,12/11/2020,No,B - Licensed; no ELFA designation found,Shown as LICENSED in the CDSS child care center export dated 2025-05-25; no matching preschool license was found in the current SF DEC ELFA directory. ELFA participation is not universal.,"Screening category, not a standardized academic or review-site rating. Check current CCLD inspections/complaints, visit the site, and confirm age fit, availability, cost, staffing, and curriculum.",CDSS export,https://www.ccld.dss.ca.gov/carefacilitysearch/?Rewrite=FacDetail%2F384004290,https://data.ca.gov/dataset/community-care-licensing-facilities,https://legacy.sfdec.org/early-learning-for-all/early-learning-programs/,2025-05-25,2026-09-22,37.7601243,-122.4367987,117 DIAMOND ST,Exact DataSF address,DataSF Enterprise Addressing System,2026-09-21
Glen Park Montessori,647 Chenery Street,San Francisco,CA,94131,DAY CARE CENTER,384000740,LICENSED,36,(415) 585-7701,1/5/2000,No,B - Licensed; no ELFA designation found,Shown as LICENSED in the CDSS child care center export dated 2025-05-25; no matching preschool license was found in the current SF DEC ELFA directory. ELFA participation is not universal.,"Screening category, not a standardized academic or review-site rating. Check current CCLD inspections/complaints, visit the site, and confirm age fit, availability, cost, staffing, and curriculum.",CDSS export,https://www.ccld.dss.ca.gov/carefacilitysearch/?Rewrite=FacDetail%2F384000740,https://data.ca.gov/dataset/community-care-licensing-facilities,https://legacy.sfdec.org/early-learning-for-all/early-learning-programs/,2025-05-25,2026-09-22,37.7344177,-122.4329347,647 CHENERY ST,Exact DataSF address,DataSF Enterprise Addressing System,2026-09-21
Glenridge Cooperative Nursery School,Glen Park Canyon (Chenery-Elk),San Francisco,CA,94131,DAY CARE CENTER,380500240,LICENSED,25,(415) 586-2771,11/29/1974,No,B - Licensed; no ELFA designation found,Shown as LICENSED in the CDSS child care center export dated 2025-05-25; no matching preschool license was found in the current SF DEC ELFA directory. ELFA participation is not universal.,"Screening category, not a standardized academic or review-site rating. Check current CCLD inspections/complaints, visit the site, and confirm age fit, availability, cost, staffing, and curriculum.",CDSS export,https://www.ccld.dss.ca.gov/carefacilitysearch/?Rewrite=FacDetail%2F380500240,https://data.ca.gov/dataset/community-care-licensing-facilities,https://legacy.sfdec.org/early-learning-for-all/early-learning-programs/,2025-05-25,2026-09-22,37.7361896,-122.4400311,70 ELK ST,Exact DataSF address,DataSF Enterprise Addressing System,2026-09-21
Growing Stem Academy,610 20Th Street,San Francisco,CA,94107,SINGLE LICENSED CHILD CARE CENTER,384004940,LICENSED,45,(415) 995-1775,4/2/2025,No,B - Licensed; no ELFA designation found,Shown as LICENSED in the CDSS child care center export dated 2025-05-25; no matching preschool license was found in the current SF DEC ELFA directory. ELFA participation is not universal.,"Screening category, not a standardized academic or review-site rating. Check current CCLD inspections/complaints, visit the site, and confirm age fit, availability, cost, staffing, and curriculum.",CDSS export,https://www.ccld.dss.ca.gov/carefacilitysearch/?Rewrite=FacDetail%2F384004940,https://data.ca.gov/dataset/community-care-licensing-facilities,https://legacy.sfdec.org/early-learning-for-all/early-learning-programs/,2025-05-25,2026-09-22,37.7606612,-122.387961,610 20TH ST,Exact DataSF address,DataSF Enterprise Addressing System,2026-09-21
Haight Ashbury Cooperative Nursery School,1180 Stanyan Street,San Francisco,CA,94117,DAY CARE CENTER,380500254,LICENSED,24,(415) 661-9204,3/4/1978,No,B - Licensed; no ELFA designation found,Shown as LICENSED in the CDSS child care center export dated 2025-05-25; no matching preschool license was found in the current SF DEC ELFA directory. ELFA participation is not universal.,"Screening category, not a standardized academic or review-site rating. Check current CCLD inspections/complaints, visit the site, and confirm age fit, availability, cost, staffing, and curriculum.",CDSS export,https://www.ccld.dss.ca.gov/carefacilitysearch/?Rewrite=FacDetail%2F380500254,https://data.ca.gov/dataset/community-care-licensing-facilities,https://legacy.sfdec.org/early-learning-for-all/early-learning-programs/,2025-05-25,2026-09-22,37.7624517,-122.4518894,1180 STANYAN ST,Exact DataSF address,DataSF Enterprise Addressing System,2026-09-21
Happy Day Preschool,809 Taraval Street,San Francisco,CA,94116,DAY CARE CENTER,384001687,LICENSED,30,(415) 564-7999,5/15/2007,No,B - Licensed; no ELFA designation found,Shown as LICENSED in the CDSS child care center export dated 2025-05-25; no matching preschool license was found in the current SF DEC ELFA directory. ELFA participation is not universal.,"Screening category, not a standardized academic or review-site rating. Check current CCLD inspections/complaints, visit the site, and confirm age fit, availability, cost, staffing, and curriculum.",CDSS export,https://www.ccld.dss.ca.gov/carefacilitysearch/?Rewrite=FacDetail%2F384001687,https://data.ca.gov/dataset/community-care-licensing-facilities,https://legacy.sfdec.org/early-learning-for-all/early-learning-programs/,2025-05-25,2026-09-22,37.7428373,-122.4748915,809 TARAVAL ST,Exact DataSF address,DataSF Enterprise Addressing System,2026-09-21
Helen Hawk Children'S Ctr-Compass Fam Srvs,111 Page Street,San Francisco,CA,94102,SINGLE LICENSED CHILD CARE CENTER,384004853,LICENSED,8,(415) 644-0504,8/13/2024,No,B - Licensed; no ELFA designation found,Shown as LICENSED in the CDSS child care center export dated 2025-05-25; no matching preschool license was found in the current SF DEC ELFA directory. ELFA participation is not universal.,"Screening category, not a standardized academic or review-site rating. Check current CCLD inspections/complaints, visit the site, and confirm age fit, availability, cost, staffing, and curriculum.",CDSS export,https://www.ccld.dss.ca.gov/carefacilitysearch/?Rewrite=FacDetail%2F384004853,https://data.ca.gov/dataset/community-care-licensing-facilities,https://legacy.sfdec.org/early-learning-for-all/early-learning-programs/,2025-05-25,2026-09-22,37.7737417,-122.4230438,111 PAGE ST,Exact DataSF address,DataSF Enterprise Addressing System,2026-09-21
Help U Grow (Hug),3830 Noriega Street,San Francisco,CA,94122,DAY CARE CENTER,384003072,LICENSED,39,(415) 664-4500,5/31/2019,No,B - Licensed; no ELFA designation found,Shown as LICENSED in the CDSS child care center export dated 2025-05-25; no matching preschool license was found in the current SF DEC ELFA directory. ELFA participation is not universal.,"Screening category, not a standardized academic or review-site rating. Check current CCLD inspections/complaints, visit the site, and confirm age fit, availability, cost, staffing, and curriculum.",CDSS export,https://www.ccld.dss.ca.gov/carefacilitysearch/?Rewrite=FacDetail%2F384003072,https://data.ca.gov/dataset/community-care-licensing-facilities,https://legacy.sfdec.org/early-learning-for-all/early-learning-programs/,2025-05-25,2026-09-22,37.7532446,-122.5048874,3830 NORIEGA ST,Exact DataSF address,DataSF Enterprise Addressing System,2026-09-21
Holy Name Preschool,1560 40Th Avenue,San Francisco,CA,94122,DAY CARE CENTER,384002235,LICENSED,75,(415) 664-4753,12/28/2011,No,B - Licensed; no ELFA designation found,Shown as LICENSED in the CDSS child care center export dated 2025-05-25; no matching preschool license was found in the current SF DEC ELFA directory. ELFA participation is not universal.,"Screening category, not a standardized academic or review-site rating. Check current CCLD inspections/complaints, visit the site, and confirm age fit, availability, cost, staffing, and curriculum.",CDSS export,https://www.ccld.dss.ca.gov/carefacilitysearch/?Rewrite=FacDetail%2F384002235,https://data.ca.gov/dataset/community-care-licensing-facilities,https://legacy.sfdec.org/early-learning-for-all/early-learning-programs/,2025-05-25,2026-09-22,37.7576104,-122.4988763,1560 40TH AVE,Exact DataSF address,DataSF Enterprise Addressing System,2026-09-21
Hungry Caterpillars Early Education Center,3219A Laguna Street,San Francisco,CA,94123,SINGLE LICENSED CHILD CARE CENTER,384004930,LICENSED,21,(415) 710-2019,5/5/2025,No,B - Licensed; no ELFA designation found,Shown as LICENSED in the CDSS child care center export dated 2025-05-25; no matching preschool license was found in the current SF DEC ELFA directory. ELFA participation is not universal.,"Screening category, not a standardized academic or review-site rating. Check current CCLD inspections/complaints, visit the site, and confirm age fit, availability, cost, staffing, and curriculum.",CDSS export,https://www.ccld.dss.ca.gov/carefacilitysearch/?Rewrite=FacDetail%2F384004930,https://data.ca.gov/dataset/community-care-licensing-facilities,https://legacy.sfdec.org/early-learning-for-all/early-learning-programs/,2025-05-25,2026-09-22,37.800772,-122.4314889,3219 LAGUNA ST,DataSF base address,DataSF Enterprise Addressing System,2026-09-21
"International School Of San Francisco, The",1155 Page Street,San Francisco,CA,94117,DAY CARE CENTER,384002504,LICENSED,170,(415) 231-5733,8/27/2014,No,B - Licensed; no ELFA designation found,Shown as LICENSED in the CDSS child care center export dated 2025-05-25; no matching preschool license was found in the current SF DEC ELFA directory. ELFA participation is not universal.,"Screening category, not a standardized academic or review-site rating. Check current CCLD inspections/complaints, visit the site, and confirm age fit, availability, cost, staffing, and curriculum.",CDSS export,https://www.ccld.dss.ca.gov/carefacilitysearch/?Rewrite=FacDetail%2F384002504,https://data.ca.gov/dataset/community-care-licensing-facilities,https://legacy.sfdec.org/early-learning-for-all/early-learning-programs/,2025-05-25,2026-09-22,37.7717589,-122.4397362,1155 PAGE ST,Exact DataSF address,DataSF Enterprise Addressing System,2026-09-21
Jccsf Brotherhood Way Preschool,655 Brotherhood Way,San Francisco,CA,94132,DAY CARE CENTER,380500086,LICENSED,116,(415) 333-4289,4/16/1975,No,B - Licensed; no ELFA designation found,Shown as LICENSED in the CDSS child care center export dated 2025-05-25; no matching preschool license was found in the current SF DEC ELFA directory. ELFA participation is not universal.,"Screening category, not a standardized academic or review-site rating. Check current CCLD inspections/complaints, visit the site, and confirm age fit, availability, cost, staffing, and curriculum.",CDSS export,https://www.ccld.dss.ca.gov/carefacilitysearch/?Rewrite=FacDetail%2F380500086,https://data.ca.gov/dataset/community-care-licensing-facilities,https://legacy.sfdec.org/early-learning-for-all/early-learning-programs/,2025-05-25,2026-09-22,37.7133993,-122.4751934,655 BROTHERHOOD WAY,Exact DataSF address,DataSF Enterprise Addressing System,2026-09-21
Jccsf Helen Diller Family Preschool,3200 California Street,San Francisco,CA,94118,DAY CARE CENTER,384001263,LICENSED,175,(415) 292-1291,1/8/2004,No,B - Licensed; no ELFA designation found,Shown as LICENSED in the CDSS child care center export dated 2025-05-25; no matching preschool license was found in the current SF DEC ELFA directory. ELFA participation is not universal.,"Screening category, not a standardized academic or review-site rating. Check current CCLD inspections/complaints, visit the site, and confirm age fit, availability, cost, staffing, and curriculum.",CDSS export,https://www.ccld.dss.ca.gov/carefacilitysearch/?Rewrite=FacDetail%2F384001263,https://data.ca.gov/dataset/community-care-licensing-facilities,https://legacy.sfdec.org/early-learning-for-all/early-learning-programs/,2025-05-25,2026-09-22,37.7873232,-122.4473885,3200 CALIFORNIA ST,Exact DataSF address,DataSF Enterprise Addressing System,2026-09-21
Jccsf Loise& Claude Rosenberg Early Childhood Ctr,325 Arguello Blvd.,San Francisco,CA,94118,DAY CARE CENTER,380504700,LICENSED,59,(415) 386-4999,1/7/1985,No,B - Licensed; no ELFA designation found,Shown as LICENSED in the CDSS child care center export dated 2025-05-25; no matching preschool license was found in the current SF DEC ELFA directory. ELFA participation is not universal.,"Screening category, not a standardized academic or review-site rating. Check current CCLD inspections/complaints, visit the site, and confirm age fit, availability, cost, staffing, and curriculum.",CDSS export,https://www.ccld.dss.ca.gov/carefacilitysearch/?Rewrite=FacDetail%2F380504700,https://data.ca.gov/dataset/community-care-licensing-facilities,https://legacy.sfdec.org/early-learning-for-all/early-learning-programs/,2025-05-25,2026-09-22,37.7845897,-122.4594915,325 ARGUELLO BLVD,Exact DataSF address,DataSF Enterprise Addressing System,2026-09-21
Katherine Michiels School (Pre-K),1335 Guerrero,San Francisco,CA,94110,DAY CARE CENTER,380504523,LICENSED,36,(415) 821-0130,5/11/1984,No,B - Licensed; no ELFA designation found,Shown as LICENSED in the CDSS child care center export dated 2025-05-25; no matching preschool license was found in the current SF DEC ELFA directory. ELFA participation is not universal.,"Screening category, not a standardized academic or review-site rating. Check current CCLD inspections/complaints, visit the site, and confirm age fit, availability, cost, staffing, and curriculum.",CDSS export,https://www.ccld.dss.ca.gov/carefacilitysearch/?Rewrite=FacDetail%2F380504523,https://data.ca.gov/dataset/community-care-licensing-facilities,https://legacy.sfdec.org/early-learning-for-all/early-learning-programs/,2025-05-25,2026-09-22,37.7498177,-122.4223102,1335 GUERRERO ST,DataSF normalized street match,DataSF Enterprise Addressing System,2026-09-21
Kids Kollege Preschool Day Care,3939 Lawton Street,San Francisco,CA,94122,DAY CARE CENTER,380505246,LICENSED,60,(415) 753-1869,5/10/1989,No,B - Licensed; no ELFA designation found,Shown as LICENSED in the CDSS child care center export dated 2025-05-25; no matching preschool license was found in the current SF DEC ELFA directory. ELFA participation is not universal.,"Screening category, not a standardized academic or review-site rating. Check current CCLD inspections/complaints, visit the site, and confirm age fit, availability, cost, staffing, and curriculum.",CDSS export,https://www.ccld.dss.ca.gov/carefacilitysearch/?Rewrite=FacDetail%2F380505246,https://data.ca.gov/dataset/community-care-licensing-facilities,https://legacy.sfdec.org/early-learning-for-all/early-learning-programs/,2025-05-25,2026-09-22,37.7564618,-122.5052421,3939 LAWTON ST,Exact DataSF address,DataSF Enterprise Addressing System,2026-09-21
"Kinderhaus, A German International Preschool",198 Waterville Street,San Francisco,CA,94124,DAY CARE CENTER,384002638,LICENSED,18,(415) 335-9306,8/17/2015,No,B - Licensed; no ELFA designation found,Shown as LICENSED in the CDSS child care center export dated 2025-05-25; no matching preschool license was found in the current SF DEC ELFA directory. ELFA participation is not universal.,"Screening category, not a standardized academic or review-site rating. Check current CCLD inspections/complaints, visit the site, and confirm age fit, availability, cost, staffing, and curriculum.",CDSS export,https://www.ccld.dss.ca.gov/carefacilitysearch/?Rewrite=FacDetail%2F384002638,https://data.ca.gov/dataset/community-care-licensing-facilities,https://legacy.sfdec.org/early-learning-for-all/early-learning-programs/,2025-05-25,2026-09-22,37.7325282,-122.4024978,198 WATERVILLE ST,Exact DataSF address,DataSF Enterprise Addressing System,2026-09-21
L'Academy Preschool SF-Cpmc,1040 Geary Street,San Francisco,CA,94109,SINGLE LICENSED CHILD CARE CENTER,384004895,LICENSED,19,(415) 757-0556,8/1/2024,No,B - Licensed; no ELFA designation found,Shown as LICENSED in the CDSS child care center export dated 2025-05-25; no matching preschool license was found in the current SF DEC ELFA directory. ELFA participation is not universal.,"Screening category, not a standardized academic or review-site rating. Check current CCLD inspections/complaints, visit the site, and confirm age fit, availability, cost, staffing, and curriculum.",CDSS export,https://www.ccld.dss.ca.gov/carefacilitysearch/?Rewrite=FacDetail%2F384004895,https://data.ca.gov/dataset/community-care-licensing-facilities,https://legacy.sfdec.org/early-learning-for-all/early-learning-programs/,2025-05-25,2026-09-22,37.7860517,-122.4205661,1040 GEARY ST,Exact DataSF address,DataSF Enterprise Addressing System,2026-09-21
L'Academy Preschool SF-Hayes Valley 2,42 Waller Street,San Francisco,CA,94102,SINGLE LICENSED CHILD CARE CENTER,384004947,LICENSED,53,(415) 980-9855,2/14/2025,No,B - Licensed; no ELFA designation found,Shown as LICENSED in the CDSS child care center export dated 2025-05-25; no matching preschool license was found in the current SF DEC ELFA directory. ELFA participation is not universal.,"Screening category, not a standardized academic or review-site rating. Check current CCLD inspections/complaints, visit the site, and confirm age fit, availability, cost, staffing, and curriculum.",CDSS export,https://www.ccld.dss.ca.gov/carefacilitysearch/?Rewrite=FacDetail%2F384004947,https://data.ca.gov/dataset/community-care-licensing-facilities,https://legacy.sfdec.org/early-learning-for-all/early-learning-programs/,2025-05-25,2026-09-22,37.7720405,-122.4243818,42 WALLER ST,Exact DataSF address,DataSF Enterprise Addressing System,2026-09-21
La Piccola Scuola Italiana,851 Tennessee Street,San Francisco,CA,94107,DAY CARE CENTER,384002595,LICENSED,64,(415) 558-9006,11/12/2014,No,B - Licensed; no ELFA designation found,Shown as LICENSED in the CDSS child care center export dated 2025-05-25; no matching preschool license was found in the current SF DEC ELFA directory. ELFA participation is not universal.,"Screening category, not a standardized academic or review-site rating. Check current CCLD inspections/complaints, visit the site, and confirm age fit, availability, cost, staffing, and curriculum.",CDSS export,https://www.ccld.dss.ca.gov/carefacilitysearch/?Rewrite=FacDetail%2F384002595,https://data.ca.gov/dataset/community-care-licensing-facilities,https://legacy.sfdec.org/early-learning-for-all/early-learning-programs/,2025-05-25,2026-09-22,37.7610225,-122.3892391,851 TENNESSEE ST,Exact DataSF address,DataSF Enterprise Addressing System,2026-09-21
La Scuola International School,728 - 20Th Street,San Francisco,CA,94107,DAY CARE CENTER,384002073,LICENSED,100,(415) 558-9006,9/15/2010,No,B - Licensed; no ELFA designation found,Shown as LICENSED in the CDSS child care center export dated 2025-05-25; no matching preschool license was found in the current SF DEC ELFA directory. ELFA participation is not universal.,"Screening category, not a standardized academic or review-site rating. Check current CCLD inspections/complaints, visit the site, and confirm age fit, availability, cost, staffing, and curriculum.",CDSS export,https://www.ccld.dss.ca.gov/carefacilitysearch/?Rewrite=FacDetail%2F384002073,https://data.ca.gov/dataset/community-care-licensing-facilities,https://legacy.sfdec.org/early-learning-for-all/early-learning-programs/,2025-05-25,2026-09-22,37.7606811,-122.389199,728 20TH ST,Exact DataSF address,DataSF Enterprise Addressing System,2026-09-21
Lakeside Presbyterian Church Nursery School,201 Eucalyptus Drive,San Francisco,CA,94132,DAY CARE CENTER,380500371,LICENSED,75,(415) 564-5044,9/12/1974,No,B - Licensed; no ELFA designation found,Shown as LICENSED in the CDSS child care center export dated 2025-05-25; no matching preschool license was found in the current SF DEC ELFA directory. ELFA participation is not universal.,"Screening category, not a standardized academic or review-site rating. Check current CCLD inspections/complaints, visit the site, and confirm age fit, availability, cost, staffing, and curriculum.",CDSS export,https://www.ccld.dss.ca.gov/carefacilitysearch/?Rewrite=FacDetail%2F380500371,https://data.ca.gov/dataset/community-care-licensing-facilities,https://legacy.sfdec.org/early-learning-for-all/early-learning-programs/,2025-05-25,2026-09-22,37.7307755,-122.4751942,201 EUCALYPTUS DR,Exact DataSF address,DataSF Enterprise Addressing System,2026-09-21
Language In Action - SF,301 Euclid Avenue,San Francisco,CA,94118,DAY CARE CENTER,384002044,LICENSED,20,(415) 310-1335,9/10/2010,No,B - Licensed; no ELFA designation found,Shown as LICENSED in the CDSS child care center export dated 2025-05-25; no matching preschool license was found in the current SF DEC ELFA directory. ELFA participation is not universal.,"Screening category, not a standardized academic or review-site rating. Check current CCLD inspections/complaints, visit the site, and confirm age fit, availability, cost, staffing, and curriculum.",CDSS export,https://www.ccld.dss.ca.gov/carefacilitysearch/?Rewrite=FacDetail%2F384002044,https://data.ca.gov/dataset/community-care-licensing-facilities,https://legacy.sfdec.org/early-learning-for-all/early-learning-programs/,2025-05-25,2026-09-22,37.7839368,-122.4509393,301 EUCLID AVE,Exact DataSF address,DataSF Enterprise Addressing System,2026-09-21
Language In Action - SF,1 Miley Street,San Francisco,CA,94123,DAY CARE CENTER,384002045,LICENSED,15,(415) 683-9017,9/10/2010,No,B - Licensed; no ELFA designation found,Shown as LICENSED in the CDSS child care center export dated 2025-05-25; no matching preschool license was found in the current SF DEC ELFA directory. ELFA participation is not universal.,"Screening category, not a standardized academic or review-site rating. Check current CCLD inspections/complaints, visit the site, and confirm age fit, availability, cost, staffing, and curriculum.",CDSS export,https://www.ccld.dss.ca.gov/carefacilitysearch/?Rewrite=FacDetail%2F384002045,https://data.ca.gov/dataset/community-care-licensing-facilities,https://legacy.sfdec.org/early-learning-for-all/early-learning-programs/,2025-05-25,2026-09-22,37.7973595,-122.4450278,1 MILEY ST,Exact DataSF address,DataSF Enterprise Addressing System,2026-09-21
Language In Action-Noe Valley Ministry (Ps),1021 Sanchez Street,San Francisco,CA,94114,DAY CARE CENTER,384002479,LICENSED,49,(415) 310-1335,9/30/2014,No,B - Licensed; no ELFA designation found,Shown as LICENSED in the CDSS child care center export dated 2025-05-25; no matching preschool license was found in the current SF DEC ELFA directory. ELFA participation is not universal.,"Screening category, not a standardized academic or review-site rating. Check current CCLD inspections/complaints, visit the site, and confirm age fit, availability, cost, staffing, and curriculum.",CDSS export,https://www.ccld.dss.ca.gov/carefacilitysearch/?Rewrite=FacDetail%2F384002479,https://data.ca.gov/dataset/community-care-licensing-facilities,https://legacy.sfdec.org/early-learning-for-all/early-learning-programs/,2025-05-25,2026-09-22,37.7528245,-122.4294288,1021 SANCHEZ ST,Exact DataSF address,DataSF Enterprise Addressing System,2026-09-21
Laurel Heights Child Development Center(Ps),2675 Geary Blvd. Suite 400,San Francisco,CA,94118,DAY CARE CENTER,384004176,LICENSED,110,(415) 490-5204,12/2/2019,No,B - Licensed; no ELFA designation found,Shown as LICENSED in the CDSS child care center export dated 2025-05-25; no matching preschool license was found in the current SF DEC ELFA directory. ELFA participation is not universal.,"Screening category, not a standardized academic or review-site rating. Check current CCLD inspections/complaints, visit the site, and confirm age fit, availability, cost, staffing, and curriculum.",CDSS export,https://www.ccld.dss.ca.gov/carefacilitysearch/?Rewrite=FacDetail%2F384004176,https://data.ca.gov/dataset/community-care-licensing-facilities,https://legacy.sfdec.org/early-learning-for-all/early-learning-programs/,2025-05-25,2026-09-22,37.7820803,-122.4465758,2675 GEARY BLVD,Exact DataSF address; source ZIP differs,DataSF Enterprise Addressing System,2026-09-21
Laurel Hill Nursery School,401 Euclid Avenue,San Francisco,CA,94118,DAY CARE CENTER,380504783,LICENSED,59,(415) 751-8784,12/10/1986,No,B - Licensed; no ELFA designation found,Shown as LICENSED in the CDSS child care center export dated 2025-05-25; no matching preschool license was found in the current SF DEC ELFA directory. ELFA participation is not universal.,"Screening category, not a standardized academic or review-site rating. Check current CCLD inspections/complaints, visit the site, and confirm age fit, availability, cost, staffing, and curriculum.",CDSS export,https://www.ccld.dss.ca.gov/carefacilitysearch/?Rewrite=FacDetail%2F380504783,https://data.ca.gov/dataset/community-care-licensing-facilities,https://legacy.sfdec.org/early-learning-for-all/early-learning-programs/,2025-05-25,2026-09-22,37.7837995,-122.4527295,401 EUCLID AVE,Exact DataSF address,DataSF Enterprise Addressing System,2026-09-21
"Learning Bridge Preschool, The",1050 Kirkham Street,San Francisco,CA,94122,SINGLE LICENSED CHILD CARE CENTER,384004834,LICENSED,26,(415) 753-1802,10/10/2024,No,B - Licensed; no ELFA designation found,Shown as LICENSED in the CDSS child care center export dated 2025-05-25; no matching preschool license was found in the current SF DEC ELFA directory. ELFA participation is not universal.,"Screening category, not a standardized academic or review-site rating. Check current CCLD inspections/complaints, visit the site, and confirm age fit, availability, cost, staffing, and curriculum.",CDSS export,https://www.ccld.dss.ca.gov/carefacilitysearch/?Rewrite=FacDetail%2F384004834,https://data.ca.gov/dataset/community-care-licensing-facilities,https://legacy.sfdec.org/early-learning-for-all/early-learning-programs/,2025-05-25,2026-09-22,37.7602414,-122.4722089,1050 KIRKHAM ST,Exact DataSF address,DataSF Enterprise Addressing System,2026-09-21
Letterman Digital Arts Ccc (Preschool),"1 Letterman Dr., Bldg. B",San Francisco,CA,94129,DAY CARE CENTER,384001491,LICENSED,72,(415) 746-5444,7/11/2005,No,B - Licensed; no ELFA designation found,Shown as LICENSED in the CDSS child care center export dated 2025-05-25; no matching preschool license was found in the current SF DEC ELFA directory. ELFA participation is not universal.,"Screening category, not a standardized academic or review-site rating. Check current CCLD inspections/complaints, visit the site, and confirm age fit, availability, cost, staffing, and curriculum.",CDSS export,https://www.ccld.dss.ca.gov/carefacilitysearch/?Rewrite=FacDetail%2F384001491,https://data.ca.gov/dataset/community-care-licensing-facilities,https://legacy.sfdec.org/early-learning-for-all/early-learning-programs/,2025-05-25,2026-09-22,37.7979552,-122.4495086,"1 LETTERMAN DR, SAN FRANCISCO, CA, 94129",US Census address match,US Census Geocoder Public_AR_Current,2026-09-22
Little Angels Japanese Preschool,2545 Judah Street,San Francisco,CA,94122,DAY CARE CENTER,384004486,LICENSED,12,(415) 564-6123,7/26/2022,No,B - Licensed; no ELFA designation found,Shown as LICENSED in the CDSS child care center export dated 2025-05-25; no matching preschool license was found in the current SF DEC ELFA directory. ELFA participation is not universal.,"Screening category, not a standardized academic or review-site rating. Check current CCLD inspections/complaints, visit the site, and confirm age fit, availability, cost, staffing, and curriculum.",CDSS export,https://www.ccld.dss.ca.gov/carefacilitysearch/?Rewrite=FacDetail%2F384004486,https://data.ca.gov/dataset/community-care-licensing-facilities,https://legacy.sfdec.org/early-learning-for-all/early-learning-programs/,2025-05-25,2026-09-22,37.7610242,-122.4895381,2545 JUDAH ST,Exact DataSF address,DataSF Enterprise Addressing System,2026-09-21
Little Angels Nursery School,610-A Cortland Avenue,San Francisco,CA,94110,DAY CARE CENTER,384002696,LICENSED,20,(415) 722-7476,12/15/2016,No,B - Licensed; no ELFA designation found,Shown as LICENSED in the CDSS child care center export dated 2025-05-25; no matching preschool license was found in the current SF DEC ELFA directory. ELFA participation is not universal.,"Screening category, not a standardized academic or review-site rating. Check current CCLD inspections/complaints, visit the site, and confirm age fit, availability, cost, staffing, and curriculum.",CDSS export,https://www.ccld.dss.ca.gov/carefacilitysearch/?Rewrite=FacDetail%2F384002696,https://data.ca.gov/dataset/community-care-licensing-facilities,https://legacy.sfdec.org/early-learning-for-all/early-learning-programs/,2025-05-25,2026-09-22,37.7387929,-122.4155722,610 CORTLAND AVE,DataSF normalized street match,DataSF Enterprise Addressing System,2026-09-21
Little Bee,2733 Lombard Street,San Francisco,CA,94123,DAY CARE CENTER,384002469,LICENSED,32,(415) 500-2296,3/28/2014,No,B - Licensed; no ELFA designation found,Shown as LICENSED in the CDSS child care center export dated 2025-05-25; no matching preschool license was found in the current SF DEC ELFA directory. ELFA participation is not universal.,"Screening category, not a standardized academic or review-site rating. Check current CCLD inspections/complaints, visit the site, and confirm age fit, availability, cost, staffing, and curriculum.",CDSS export,https://www.ccld.dss.ca.gov/carefacilitysearch/?Rewrite=FacDetail%2F384002469,https://data.ca.gov/dataset/community-care-licensing-facilities,https://legacy.sfdec.org/early-learning-for-all/early-learning-programs/,2025-05-25,2026-09-22,37.7982636,-122.4465556,2733 LOMBARD ST,Exact DataSF address,DataSF Enterprise Addressing System,2026-09-21
Little Bee Preschool,8 & 9 Funston Avenue,San Francisco,CA,94129,DAY CARE CENTER,384004231,LICENSED,96,(415) 377-0303,3/23/2020,No,B - Licensed; no ELFA designation found,Shown as LICENSED in the CDSS child care center export dated 2025-05-25; no matching preschool license was found in the current SF DEC ELFA directory. ELFA participation is not universal.,"Screening category, not a standardized academic or review-site rating. Check current CCLD inspections/complaints, visit the site, and confirm age fit, availability, cost, staffing, and curriculum.",CDSS export,https://www.ccld.dss.ca.gov/carefacilitysearch/?Rewrite=FacDetail%2F384004231,https://data.ca.gov/dataset/community-care-licensing-facilities,https://legacy.sfdec.org/early-learning-for-all/early-learning-programs/,2025-05-25,2026-09-22,37.7991069,-122.4562582,8 FUNSTON AVE,Exact DataSF address,DataSF Enterprise Addressing System,2026-09-21
Little Gators,3149 Steiner Street,San Francisco,CA,94123,DAY CARE CENTER,380505208,LICENSED,27,(415) 867-9841,9/20/1988,No,B - Licensed; no ELFA designation found,Shown as LICENSED in the CDSS child care center export dated 2025-05-25; no matching preschool license was found in the current SF DEC ELFA directory. ELFA participation is not universal.,"Screening category, not a standardized academic or review-site rating. Check current CCLD inspections/complaints, visit the site, and confirm age fit, availability, cost, staffing, and curriculum.",CDSS export,https://www.ccld.dss.ca.gov/carefacilitysearch/?Rewrite=FacDetail%2F380505208,https://data.ca.gov/dataset/community-care-licensing-facilities,https://legacy.sfdec.org/early-learning-for-all/early-learning-programs/,2025-05-25,2026-09-22,37.7984435,-122.4377494,3149 STEINER ST,Exact DataSF address,DataSF Enterprise Addressing System,2026-09-21
Little Lync Child Care Center (The),501 Connecticut Street,San Francisco,CA,94107,DAY CARE CENTER,384002252,LICENSED,27,(415) 282-5962,5/4/2012,No,B - Licensed; no ELFA designation found,Shown as LICENSED in the CDSS child care center export dated 2025-05-25; no matching preschool license was found in the current SF DEC ELFA directory. ELFA participation is not universal.,"Screening category, not a standardized academic or review-site rating. Check current CCLD inspections/complaints, visit the site, and confirm age fit, availability, cost, staffing, and curriculum.",CDSS export,https://www.ccld.dss.ca.gov/carefacilitysearch/?Rewrite=FacDetail%2F384002252,https://data.ca.gov/dataset/community-care-licensing-facilities,https://legacy.sfdec.org/early-learning-for-all/early-learning-programs/,2025-05-25,2026-09-22,37.759848,-122.3969693,501 CONNECTICUT ST,Exact DataSF address,DataSF Enterprise Addressing System,2026-09-21
Little People Preschool,3595 Taraval St,San Francisco,CA,94116,DAY CARE CENTER,384001910,LICENSED,30,(415) 751-1006,4/18/2009,No,B - Licensed; no ELFA designation found,Shown as LICENSED in the CDSS child care center export dated 2025-05-25; no matching preschool license was found in the current SF DEC ELFA directory. ELFA participation is not universal.,"Screening category, not a standardized academic or review-site rating. Check current CCLD inspections/complaints, visit the site, and confirm age fit, availability, cost, staffing, and curriculum.",CDSS export,https://www.ccld.dss.ca.gov/carefacilitysearch/?Rewrite=FacDetail%2F384001910,https://data.ca.gov/dataset/community-care-licensing-facilities,https://legacy.sfdec.org/early-learning-for-all/early-learning-programs/,2025-05-25,2026-09-22,37.7415429,-122.5042969,3595 TARAVAL ST,Exact DataSF address,DataSF Enterprise Addressing System,2026-09-21
Little Star Preschool Too,1105 Quintara Street,San Francisco,CA,94116,DAY CARE CENTER,384000093,LICENSED,104,(415) 731-7933,1/9/1996,No,B - Licensed; no ELFA designation found,Shown as LICENSED in the CDSS child care center export dated 2025-05-25; no matching preschool license was found in the current SF DEC ELFA directory. ELFA participation is not universal.,"Screening category, not a standardized academic or review-site rating. Check current CCLD inspections/complaints, visit the site, and confirm age fit, availability, cost, staffing, and curriculum.",CDSS export,https://www.ccld.dss.ca.gov/carefacilitysearch/?Rewrite=FacDetail%2F384000093,https://data.ca.gov/dataset/community-care-licensing-facilities,https://legacy.sfdec.org/early-learning-for-all/early-learning-programs/,2025-05-25,2026-09-22,37.7483395,-122.4775687,1105 QUINTARA ST,Exact DataSF address,DataSF Enterprise Addressing System,2026-09-21
"Little Sun, LLC",321 Judah Street,San Francisco,CA,94122,DAY CARE CENTER,384004102,LICENSED,24,(415) 509-8962,6/17/2019,No,B - Licensed; no ELFA designation found,Shown as LICENSED in the CDSS child care center export dated 2025-05-25; no matching preschool license was found in the current SF DEC ELFA directory. ELFA participation is not universal.,"Screening category, not a standardized academic or review-site rating. Check current CCLD inspections/complaints, visit the site, and confirm age fit, availability, cost, staffing, and curriculum.",CDSS export,https://www.ccld.dss.ca.gov/carefacilitysearch/?Rewrite=FacDetail%2F384004102,https://data.ca.gov/dataset/community-care-licensing-facilities,https://legacy.sfdec.org/early-learning-for-all/early-learning-programs/,2025-05-25,2026-09-22,37.7619567,-122.4655532,321 JUDAH ST,Exact DataSF address,DataSF Enterprise Addressing System,2026-09-21
Little Tree Preschool,3161 Mission Street,San Francisco,CA,94110,DAY CARE CENTER,384002282,LICENSED,22,(415) 647-7524,8/20/2012,No,B - Licensed; no ELFA designation found,Shown as LICENSED in the CDSS child care center export dated 2025-05-25; no matching preschool license was found in the current SF DEC ELFA directory. ELFA participation is not universal.,"Screening category, not a standardized academic or review-site rating. Check current CCLD inspections/complaints, visit the site, and confirm age fit, availability, cost, staffing, and curriculum.",CDSS export,https://www.ccld.dss.ca.gov/carefacilitysearch/?Rewrite=FacDetail%2F384002282,https://data.ca.gov/dataset/community-care-licensing-facilities,https://legacy.sfdec.org/early-learning-for-all/early-learning-programs/,2025-05-25,2026-09-22,37.7464022,-122.4190361,3161 MISSION ST,Exact DataSF address,DataSF Enterprise Addressing System,2026-09-21
Lone Mountain Children'S Center,1806 Belles Street-SF Presidio,San Francisco,CA,94129,DAY CARE CENTER,384000944,LICENSED,72,(415) 876-0057,9/5/2001,No,B - Licensed; no ELFA designation found,Shown as LICENSED in the CDSS child care center export dated 2025-05-25; no matching preschool license was found in the current SF DEC ELFA directory. ELFA participation is not universal.,"Screening category, not a standardized academic or review-site rating. Check current CCLD inspections/complaints, visit the site, and confirm age fit, availability, cost, staffing, and curriculum.",CDSS export,https://www.ccld.dss.ca.gov/carefacilitysearch/?Rewrite=FacDetail%2F384000944,https://data.ca.gov/dataset/community-care-licensing-facilities,https://legacy.sfdec.org/early-learning-for-all/early-learning-programs/,2025-05-25,2026-09-22,37.7892652,-122.4727734,"1806 BELLES ST, SAN FRANCISCO, CA, 94129",US Census address match,US Census Geocoder Public_AR_Current,2026-09-22
Lycee Francais International La Perouse,755/765 Ashbury Street,San Francisco,CA,94117,DAY CARE CENTER,384000176,LICENSED,131,(415) 661-5232,9/9/1996,No,B - Licensed; no ELFA designation found,Shown as LICENSED in the CDSS child care center export dated 2025-05-25; no matching preschool license was found in the current SF DEC ELFA directory. ELFA participation is not universal.,"Screening category, not a standardized academic or review-site rating. Check current CCLD inspections/complaints, visit the site, and confirm age fit, availability, cost, staffing, and curriculum.",CDSS export,https://www.ccld.dss.ca.gov/carefacilitysearch/?Rewrite=FacDetail%2F384000176,https://data.ca.gov/dataset/community-care-licensing-facilities,https://legacy.sfdec.org/early-learning-for-all/early-learning-programs/,2025-05-25,2026-09-22,37.7679695,-122.4469684,755 ASHBURY ST,DataSF normalized street match,DataSF Enterprise Addressing System,2026-09-21
Maria Montessori School Of The Golden Gate,62 Lenox Way,San Francisco,CA,94127,DAY CARE CENTER,380506275,LICENSED,24,(415) 731-8188,10/4/1993,No,B - Licensed; no ELFA designation found,Shown as LICENSED in the CDSS child care center export dated 2025-05-25; no matching preschool license was found in the current SF DEC ELFA directory. ELFA participation is not universal.,"Screening category, not a standardized academic or review-site rating. Check current CCLD inspections/complaints, visit the site, and confirm age fit, availability, cost, staffing, and curriculum.",CDSS export,https://www.ccld.dss.ca.gov/carefacilitysearch/?Rewrite=FacDetail%2F380506275,https://data.ca.gov/dataset/community-care-licensing-facilities,https://legacy.sfdec.org/early-learning-for-all/early-learning-programs/,2025-05-25,2026-09-22,37.7425992,-122.465213,62 LENOX WAY,Exact DataSF address,DataSF Enterprise Addressing System,2026-09-21
Marin Day Schools - Hills Plaza,345 Spear Street,San Francisco,CA,94111,DAY CARE CENTER,384003040,LICENSED,44,(341) 500-4110,2/28/2018,No,B - Licensed; no ELFA designation found,Shown as LICENSED in the CDSS child care center export dated 2025-05-25; no matching preschool license was found in the current SF DEC ELFA directory. ELFA participation is not universal.,"Screening category, not a standardized academic or review-site rating. Check current CCLD inspections/complaints, visit the site, and confirm age fit, availability, cost, staffing, and curriculum.",CDSS export,https://www.ccld.dss.ca.gov/carefacilitysearch/?Rewrite=FacDetail%2F384003040,https://data.ca.gov/dataset/community-care-licensing-facilities,https://legacy.sfdec.org/early-learning-for-all/early-learning-programs/,2025-05-25,2026-09-22,37.7895469,-122.3900827,345 SPEAR ST,Exact DataSF address; source ZIP differs,DataSF Enterprise Addressing System,2026-09-21
Marin Day Schools - Hills Plaza Campus (Preschool),"2 Harrison St., #150",San Francisco,CA,94105,DAY CARE CENTER,384001299,LICENSED,31,(341) 500-4110,10/17/2003,No,B - Licensed; no ELFA designation found,Shown as LICENSED in the CDSS child care center export dated 2025-05-25; no matching preschool license was found in the current SF DEC ELFA directory. ELFA participation is not universal.,"Screening category, not a standardized academic or review-site rating. Check current CCLD inspections/complaints, visit the site, and confirm age fit, availability, cost, staffing, and curriculum.",CDSS export,https://www.ccld.dss.ca.gov/carefacilitysearch/?Rewrite=FacDetail%2F384001299,https://data.ca.gov/dataset/community-care-licensing-facilities,https://legacy.sfdec.org/early-learning-for-all/early-learning-programs/,2025-05-25,2026-09-22,37.789278,-122.3890987,2 HARRISON ST,Exact DataSF address,DataSF Enterprise Addressing System,2026-09-21
Mio-Preschool,2235 Mission Street,San Francisco,CA,94110,DAY CARE CENTER,384004296,LICENSED,15,(415) 655-3756,3/30/2021,No,B - Licensed; no ELFA designation found,Shown as LICENSED in the CDSS child care center export dated 2025-05-25; no matching preschool license was found in the current SF DEC ELFA directory. ELFA participation is not universal.,"Screening category, not a standardized academic or review-site rating. Check current CCLD inspections/complaints, visit the site, and confirm age fit, availability, cost, staffing, and curriculum.",CDSS export,https://www.ccld.dss.ca.gov/carefacilitysearch/?Rewrite=FacDetail%2F384004296,https://data.ca.gov/dataset/community-care-licensing-facilities,https://legacy.sfdec.org/early-learning-for-all/early-learning-programs/,2025-05-25,2026-09-22,37.7612006,-122.4191124,2235 MISSION ST,Exact DataSF address,DataSF Enterprise Addressing System,2026-09-21
Miraloma Nursery School,443 Foerster Street,San Francisco,CA,94127,DAY CARE CENTER,380505313,LICENSED,22,(415) 585-6789,6/5/1989,No,B - Licensed; no ELFA designation found,Shown as LICENSED in the CDSS child care center export dated 2025-05-25; no matching preschool license was found in the current SF DEC ELFA directory. ELFA participation is not universal.,"Screening category, not a standardized academic or review-site rating. Check current CCLD inspections/complaints, visit the site, and confirm age fit, availability, cost, staffing, and curriculum.",CDSS export,https://www.ccld.dss.ca.gov/carefacilitysearch/?Rewrite=FacDetail%2F380505313,https://data.ca.gov/dataset/community-care-licensing-facilities,https://legacy.sfdec.org/early-learning-for-all/early-learning-programs/,2025-05-25,2026-09-22,37.7321946,-122.4491459,443 FOERSTER ST,Exact DataSF address,DataSF Enterprise Addressing System,2026-09-21
Mission Head Start - Valencia Gardens,380 Valencia Street,San Francisco,CA,94103,DAY CARE CENTER,384001634,LICENSED,36,(415) 552-0169,9/15/2006,No,B - Licensed; no ELFA designation found,Shown as LICENSED in the CDSS child care center export dated 2025-05-25; no matching preschool license was found in the current SF DEC ELFA directory. ELFA participation is not universal.,"Screening category, not a standardized academic or review-site rating. Check current CCLD inspections/complaints, visit the site, and confirm age fit, availability, cost, staffing, and curriculum.",CDSS export,https://www.ccld.dss.ca.gov/carefacilitysearch/?Rewrite=FacDetail%2F384001634,https://data.ca.gov/dataset/community-care-licensing-facilities,https://legacy.sfdec.org/early-learning-for-all/early-learning-programs/,2025-05-25,2026-09-22,37.7670627,-122.4222796,380 VALENCIA ST,Exact DataSF address,DataSF Enterprise Addressing System,2026-09-21
Mission Head Start-Mission Bay Child Dev. Ctr.,152 Berry Street,San Francisco,CA,94107,DAY CARE CENTER,384001138,LICENSED,48,(415) 856-0650,11/18/2002,No,B - Licensed; no ELFA designation found,Shown as LICENSED in the CDSS child care center export dated 2025-05-25; no matching preschool license was found in the current SF DEC ELFA directory. ELFA participation is not universal.,"Screening category, not a standardized academic or review-site rating. Check current CCLD inspections/complaints, visit the site, and confirm age fit, availability, cost, staffing, and curriculum.",CDSS export,https://www.ccld.dss.ca.gov/carefacilitysearch/?Rewrite=FacDetail%2F384001138,https://data.ca.gov/dataset/community-care-licensing-facilities,https://legacy.sfdec.org/early-learning-for-all/early-learning-programs/,2025-05-25,2026-09-22,37.7767594,-122.3922584,152 BERRY ST,Exact DataSF address,DataSF Enterprise Addressing System,2026-09-21
Mnc Helen Fabela Chavez Campus,1240 Valencia Street,San Francisco,CA,94110,SINGLE LICENSED CHILD CARE CENTER,384004950,LICENSED,75,(415) 206-7752,2/7/2025,No,B - Licensed; no ELFA designation found,Shown as LICENSED in the CDSS child care center export dated 2025-05-25; no matching preschool license was found in the current SF DEC ELFA directory. ELFA participation is not universal.,"Screening category, not a standardized academic or review-site rating. Check current CCLD inspections/complaints, visit the site, and confirm age fit, availability, cost, staffing, and curriculum.",CDSS export,https://www.ccld.dss.ca.gov/carefacilitysearch/?Rewrite=FacDetail%2F384004950,https://data.ca.gov/dataset/community-care-licensing-facilities,https://legacy.sfdec.org/early-learning-for-all/early-learning-programs/,2025-05-25,2026-09-22,37.7529387,-122.4211543,1240 VALENCIA ST,Exact DataSF address,DataSF Enterprise Addressing System,2026-09-21
Moldovan Academy,1650 Valencia Street,San Francisco,CA,94110,DAY CARE CENTER,384004747,LICENSED,49,(707) 337-2874,9/5/2023,No,B - Licensed; no ELFA designation found,Shown as LICENSED in the CDSS child care center export dated 2025-05-25; no matching preschool license was found in the current SF DEC ELFA directory. ELFA participation is not universal.,"Screening category, not a standardized academic or review-site rating. Check current CCLD inspections/complaints, visit the site, and confirm age fit, availability, cost, staffing, and curriculum.",CDSS export,https://www.ccld.dss.ca.gov/carefacilitysearch/?Rewrite=FacDetail%2F384004747,https://data.ca.gov/dataset/community-care-licensing-facilities,https://legacy.sfdec.org/early-learning-for-all/early-learning-programs/,2025-05-25,2026-09-22,37.7461569,-122.4203283,1650 VALENCIA ST,Exact DataSF address,DataSF Enterprise Addressing System,2026-09-21
Montessori Children'S House Of The West Coast,25 Lake Street,San Francisco,CA,94118,DAY CARE CENTER,380503970,LICENSED,60,(415) 221-4624,9/1/1982,No,B - Licensed; no ELFA designation found,Shown as LICENSED in the CDSS child care center export dated 2025-05-25; no matching preschool license was found in the current SF DEC ELFA directory. ELFA participation is not universal.,"Screening category, not a standardized academic or review-site rating. Check current CCLD inspections/complaints, visit the site, and confirm age fit, availability, cost, staffing, and curriculum.",CDSS export,https://www.ccld.dss.ca.gov/carefacilitysearch/?Rewrite=FacDetail%2F380503970,https://data.ca.gov/dataset/community-care-licensing-facilities,https://legacy.sfdec.org/early-learning-for-all/early-learning-programs/,2025-05-25,2026-09-22,37.7867871,-122.4596709,25 LAKE ST,Exact DataSF address,DataSF Enterprise Addressing System,2026-09-21
Montessori House Of Children,1187 Franklin Street,San Francisco,CA,94109,DAY CARE CENTER,380501318,LICENSED,110,(415) 441-7691,8/12/1976,No,B - Licensed; no ELFA designation found,Shown as LICENSED in the CDSS child care center export dated 2025-05-25; no matching preschool license was found in the current SF DEC ELFA directory. ELFA participation is not universal.,"Screening category, not a standardized academic or review-site rating. Check current CCLD inspections/complaints, visit the site, and confirm age fit, availability, cost, staffing, and curriculum.",CDSS export,https://www.ccld.dss.ca.gov/carefacilitysearch/?Rewrite=FacDetail%2F380501318,https://data.ca.gov/dataset/community-care-licensing-facilities,https://legacy.sfdec.org/early-learning-for-all/early-learning-programs/,2025-05-25,2026-09-22,37.7850467,-122.4234137,1187 FRANKLIN ST,Exact DataSF address,DataSF Enterprise Addressing System,2026-09-21
Montessori House Of Children,1187 Franklin Street,San Francisco,CA,94109,SINGLE LICENSED CHILD CARE CENTER,384004944,LICENSED,86,(415) 441-7691,5/7/2025,No,B - Licensed; no ELFA designation found,Shown as LICENSED in the CDSS child care center export dated 2025-05-25; no matching preschool license was found in the current SF DEC ELFA directory. ELFA participation is not universal.,"Screening category, not a standardized academic or review-site rating. Check current CCLD inspections/complaints, visit the site, and confirm age fit, availability, cost, staffing, and curriculum.",CDSS export,https://www.ccld.dss.ca.gov/carefacilitysearch/?Rewrite=FacDetail%2F384004944,https://data.ca.gov/dataset/community-care-licensing-facilities,https://legacy.sfdec.org/early-learning-for-all/early-learning-programs/,2025-05-25,2026-09-22,37.7850467,-122.4234137,1187 FRANKLIN ST,Exact DataSF address,DataSF Enterprise Addressing System,2026-09-21
"Montessori School Of The Bay Area, Inc.",1550 Eddy Street,San Francisco,CA,94115,DAY CARE CENTER,380505730,LICENSED,48,(415) 292-7970,3/19/1991,No,B - Licensed; no ELFA designation found,Shown as LICENSED in the CDSS child care center export dated 2025-05-25; no matching preschool license was found in the current SF DEC ELFA directory. ELFA participation is not universal.,"Screening category, not a standardized academic or review-site rating. Check current CCLD inspections/complaints, visit the site, and confirm age fit, availability, cost, staffing, and curriculum.",CDSS export,https://www.ccld.dss.ca.gov/carefacilitysearch/?Rewrite=FacDetail%2F380505730,https://data.ca.gov/dataset/community-care-licensing-facilities,https://legacy.sfdec.org/early-learning-for-all/early-learning-programs/,2025-05-25,2026-09-22,37.7814305,-122.4331849,1550 EDDY ST,Exact DataSF address,DataSF Enterprise Addressing System,2026-09-21
My Little Learning Tree,2118 Clement Street,San Francisco,CA,94121,DAY CARE CENTER,384002056,LICENSED,30,(415) 387-6558,11/23/2010,No,B - Licensed; no ELFA designation found,Shown as LICENSED in the CDSS child care center export dated 2025-05-25; no matching preschool license was found in the current SF DEC ELFA directory. ELFA participation is not universal.,"Screening category, not a standardized academic or review-site rating. Check current CCLD inspections/complaints, visit the site, and confirm age fit, availability, cost, staffing, and curriculum.",CDSS export,https://www.ccld.dss.ca.gov/carefacilitysearch/?Rewrite=FacDetail%2F384002056,https://data.ca.gov/dataset/community-care-licensing-facilities,https://legacy.sfdec.org/early-learning-for-all/early-learning-programs/,2025-05-25,2026-09-22,37.782393,-122.4820877,2118 CLEMENT ST,Exact DataSF address,DataSF Enterprise Addressing System,2026-09-21
Noe Valley Nursery School,5210 Diamond Heights Blvd.,San Francisco,CA,94131,DAY CARE CENTER,384002096,LICENSED,30,(415) 647-2278,10/6/2010,No,B - Licensed; no ELFA designation found,Shown as LICENSED in the CDSS child care center export dated 2025-05-25; no matching preschool license was found in the current SF DEC ELFA directory. ELFA participation is not universal.,"Screening category, not a standardized academic or review-site rating. Check current CCLD inspections/complaints, visit the site, and confirm age fit, availability, cost, staffing, and curriculum.",CDSS export,https://www.ccld.dss.ca.gov/carefacilitysearch/?Rewrite=FacDetail%2F384002096,https://data.ca.gov/dataset/community-care-licensing-facilities,https://legacy.sfdec.org/early-learning-for-all/early-learning-programs/,2025-05-25,2026-09-22,37.7440014,-122.4402554,5210 DIAMOND HEIGHTS BLVD,Exact DataSF address,DataSF Enterprise Addressing System,2026-09-21
Nopa Montessori,2114 Hayes Street,San Francisco,CA,94117,DAY CARE CENTER,384004262,LICENSED,45,(415) 571-8733,11/24/2020,No,B - Licensed; no ELFA designation found,Shown as LICENSED in the CDSS child care center export dated 2025-05-25; no matching preschool license was found in the current SF DEC ELFA directory. ELFA participation is not universal.,"Screening category, not a standardized academic or review-site rating. Check current CCLD inspections/complaints, visit the site, and confirm age fit, availability, cost, staffing, and curriculum.",CDSS export,https://www.ccld.dss.ca.gov/carefacilitysearch/?Rewrite=FacDetail%2F384004262,https://data.ca.gov/dataset/community-care-licensing-facilities,https://legacy.sfdec.org/early-learning-for-all/early-learning-programs/,2025-05-25,2026-09-22,37.773384,-122.451303,2114 HAYES ST,Exact DataSF address,DataSF Enterprise Addressing System,2026-09-21
Nopa Montessori,2104 Hayes Street,San Francisco,CA,94117,DAY CARE CENTER,384004541,LICENSED,24,(415) 690-3483,6/6/2022,No,B - Licensed; no ELFA designation found,Shown as LICENSED in the CDSS child care center export dated 2025-05-25; no matching preschool license was found in the current SF DEC ELFA directory. ELFA participation is not universal.,"Screening category, not a standardized academic or review-site rating. Check current CCLD inspections/complaints, visit the site, and confirm age fit, availability, cost, staffing, and curriculum.",CDSS export,https://www.ccld.dss.ca.gov/carefacilitysearch/?Rewrite=FacDetail%2F384004541,https://data.ca.gov/dataset/community-care-licensing-facilities,https://legacy.sfdec.org/early-learning-for-all/early-learning-programs/,2025-05-25,2026-09-22,37.773384,-122.451303,2104 HAYES ST,Exact DataSF address,DataSF Enterprise Addressing System,2026-09-21
North Beach Kids,724 Lombard Street,San Francisco,CA,94133,DAY CARE CENTER,384002679,LICENSED,28,(415) 652-1845,6/6/2016,No,B - Licensed; no ELFA designation found,Shown as LICENSED in the CDSS child care center export dated 2025-05-25; no matching preschool license was found in the current SF DEC ELFA directory. ELFA participation is not universal.,"Screening category, not a standardized academic or review-site rating. Check current CCLD inspections/complaints, visit the site, and confirm age fit, availability, cost, staffing, and curriculum.",CDSS export,https://www.ccld.dss.ca.gov/carefacilitysearch/?Rewrite=FacDetail%2F384002679,https://data.ca.gov/dataset/community-care-licensing-facilities,https://legacy.sfdec.org/early-learning-for-all/early-learning-programs/,2025-05-25,2026-09-22,37.8028768,-122.4135244,724 LOMBARD ST,Exact DataSF address,DataSF Enterprise Addressing System,2026-09-21
Panda Children'S Center,2124 Taraval Street,San Francisco,CA,94116,DAY CARE CENTER,384004609,LICENSED,22,(415) 234-3096,10/25/2022,No,B - Licensed; no ELFA designation found,Shown as LICENSED in the CDSS child care center export dated 2025-05-25; no matching preschool license was found in the current SF DEC ELFA directory. ELFA participation is not universal.,"Screening category, not a standardized academic or review-site rating. Check current CCLD inspections/complaints, visit the site, and confirm age fit, availability, cost, staffing, and curriculum.",CDSS export,https://www.ccld.dss.ca.gov/carefacilitysearch/?Rewrite=FacDetail%2F384004609,https://data.ca.gov/dataset/community-care-licensing-facilities,https://legacy.sfdec.org/early-learning-for-all/early-learning-programs/,2025-05-25,2026-09-22,37.7427078,-122.4891022,2124 TARAVAL ST,Exact DataSF address,DataSF Enterprise Addressing System,2026-09-21
Peekadoodle Academy Preschool,4228 Geary Blvd,San Francisco,CA,94118,DAY CARE CENTER,384004147,LICENSED,74,(415) 440-7335,9/30/2019,No,B - Licensed; no ELFA designation found,Shown as LICENSED in the CDSS child care center export dated 2025-05-25; no matching preschool license was found in the current SF DEC ELFA directory. ELFA participation is not universal.,"Screening category, not a standardized academic or review-site rating. Check current CCLD inspections/complaints, visit the site, and confirm age fit, availability, cost, staffing, and curriculum.",CDSS export,https://www.ccld.dss.ca.gov/carefacilitysearch/?Rewrite=FacDetail%2F384004147,https://data.ca.gov/dataset/community-care-licensing-facilities,https://legacy.sfdec.org/early-learning-for-all/early-learning-programs/,2025-05-25,2026-09-22,37.7812981,-122.4649695,4228 GEARY BLVD,Exact DataSF address,DataSF Enterprise Addressing System,2026-09-21
Peter'S Place Nursery School,227 Balboa Street,San Francisco,CA,94118,DAY CARE CENTER,384000741,LICENSED,20,(415) 752-1444,7/26/2000,No,B - Licensed; no ELFA designation found,Shown as LICENSED in the CDSS child care center export dated 2025-05-25; no matching preschool license was found in the current SF DEC ELFA directory. ELFA participation is not universal.,"Screening category, not a standardized academic or review-site rating. Check current CCLD inspections/complaints, visit the site, and confirm age fit, availability, cost, staffing, and curriculum.",CDSS export,https://www.ccld.dss.ca.gov/carefacilitysearch/?Rewrite=FacDetail%2F384000741,https://data.ca.gov/dataset/community-care-licensing-facilities,https://legacy.sfdec.org/early-learning-for-all/early-learning-programs/,2025-05-25,2026-09-22,37.7770927,-122.4613571,227 BALBOA ST,Exact DataSF address,DataSF Enterprise Addressing System,2026-09-21
Petite Explorer Preschool,722 South Van Ness,San Francisco,CA,94110,DAY CARE CENTER,384002978,LICENSED,66,(415) 872-9185,10/19/2017,No,B - Licensed; no ELFA designation found,Shown as LICENSED in the CDSS child care center export dated 2025-05-25; no matching preschool license was found in the current SF DEC ELFA directory. ELFA participation is not universal.,"Screening category, not a standardized academic or review-site rating. Check current CCLD inspections/complaints, visit the site, and confirm age fit, availability, cost, staffing, and curriculum.",CDSS export,https://www.ccld.dss.ca.gov/carefacilitysearch/?Rewrite=FacDetail%2F384002978,https://data.ca.gov/dataset/community-care-licensing-facilities,https://legacy.sfdec.org/early-learning-for-all/early-learning-programs/,2025-05-25,2026-09-22,37.761378,-122.4174789,722 SOUTH VAN NESS AVE,DataSF normalized street match,DataSF Enterprise Addressing System,2026-09-21
"Petite Explorer, Inc.",823 Divisadero Street,San Francisco,CA,94117,DAY CARE CENTER,384004334,LICENSED,42,(415) 577-9787,1/11/2021,No,B - Licensed; no ELFA designation found,Shown as LICENSED in the CDSS child care center export dated 2025-05-25; no matching preschool license was found in the current SF DEC ELFA directory. ELFA participation is not universal.,"Screening category, not a standardized academic or review-site rating. Check current CCLD inspections/complaints, visit the site, and confirm age fit, availability, cost, staffing, and curriculum.",CDSS export,https://www.ccld.dss.ca.gov/carefacilitysearch/?Rewrite=FacDetail%2F384004334,https://data.ca.gov/dataset/community-care-licensing-facilities,https://legacy.sfdec.org/early-learning-for-all/early-learning-programs/,2025-05-25,2026-09-22,37.7772417,-122.4386393,823 DIVISADERO ST,Exact DataSF address,DataSF Enterprise Addressing System,2026-09-21
Phoebe A. Hearst Preschool Learning Center,1315 Ellis Street,San Francisco,CA,94115,DAY CARE CENTER,380500512,LICENSED,125,(415) 931-1018,7/18/1976,No,B - Licensed; no ELFA designation found,Shown as LICENSED in the CDSS child care center export dated 2025-05-25; no matching preschool license was found in the current SF DEC ELFA directory. ELFA participation is not universal.,"Screening category, not a standardized academic or review-site rating. Check current CCLD inspections/complaints, visit the site, and confirm age fit, availability, cost, staffing, and curriculum.",CDSS export,https://www.ccld.dss.ca.gov/carefacilitysearch/?Rewrite=FacDetail%2F380500512,https://data.ca.gov/dataset/community-care-licensing-facilities,https://legacy.sfdec.org/early-learning-for-all/early-learning-programs/,2025-05-25,2026-09-22,37.7826801,-122.4279493,1315 ELLIS ST,Exact DataSF address,DataSF Enterprise Addressing System,2026-09-21
Playgroup (Ps),1818 & 1819 Wedemeyer Street,San Francisco,CA,94129,DAY CARE CENTER,384002593,LICENSED,70,(415) 722-0661,4/29/2015,No,B - Licensed; no ELFA designation found,Shown as LICENSED in the CDSS child care center export dated 2025-05-25; no matching preschool license was found in the current SF DEC ELFA directory. ELFA participation is not universal.,"Screening category, not a standardized academic or review-site rating. Check current CCLD inspections/complaints, visit the site, and confirm age fit, availability, cost, staffing, and curriculum.",CDSS export,https://www.ccld.dss.ca.gov/carefacilitysearch/?Rewrite=FacDetail%2F384002593,https://data.ca.gov/dataset/community-care-licensing-facilities,https://legacy.sfdec.org/early-learning-for-all/early-learning-programs/,2025-05-25,2026-09-22,37.7899685,-122.4754905,1818 WEDEMEYER ST,Exact DataSF address,DataSF Enterprise Addressing System,2026-09-21
Playmates Cooperative Nursery School,2340 -42Nd Avenue,San Francisco,CA,94116,DAY CARE CENTER,380504052,LICENSED,49,(628) 899-8067,12/14/1983,No,B - Licensed; no ELFA designation found,Shown as LICENSED in the CDSS child care center export dated 2025-05-25; no matching preschool license was found in the current SF DEC ELFA directory. ELFA participation is not universal.,"Screening category, not a standardized academic or review-site rating. Check current CCLD inspections/complaints, visit the site, and confirm age fit, availability, cost, staffing, and curriculum.",CDSS export,https://www.ccld.dss.ca.gov/carefacilitysearch/?Rewrite=FacDetail%2F380504052,https://data.ca.gov/dataset/community-care-licensing-facilities,https://legacy.sfdec.org/early-learning-for-all/early-learning-programs/,2025-05-25,2026-09-22,37.7430384,-122.5002698,2340 42ND AVE,Exact DataSF address,DataSF Enterprise Addressing System,2026-09-21
Potrero Hill Montessori School,1701 17Th Street,San Francisco,CA,94103,DAY CARE CENTER,384004643,LICENSED,54,(650) 476-3015,1/18/2023,No,B - Licensed; no ELFA designation found,Shown as LICENSED in the CDSS child care center export dated 2025-05-25; no matching preschool license was found in the current SF DEC ELFA directory. ELFA participation is not universal.,"Screening category, not a standardized academic or review-site rating. Check current CCLD inspections/complaints, visit the site, and confirm age fit, availability, cost, staffing, and curriculum.",CDSS export,https://www.ccld.dss.ca.gov/carefacilitysearch/?Rewrite=FacDetail%2F384004643,https://data.ca.gov/dataset/community-care-licensing-facilities,https://legacy.sfdec.org/early-learning-for-all/early-learning-programs/,2025-05-25,2026-09-22,37.7647796,-122.4008003,1701 17TH ST,Exact DataSF address,DataSF Enterprise Addressing System,2026-09-21
Potrero Kids Third,810 Illinois Street,San Francisco,CA,94107,DAY CARE CENTER,384002301,LICENSED,64,(415) 550-3300,10/22/2012,No,B - Licensed; no ELFA designation found,Shown as LICENSED in the CDSS child care center export dated 2025-05-25; no matching preschool license was found in the current SF DEC ELFA directory. ELFA participation is not universal.,"Screening category, not a standardized academic or review-site rating. Check current CCLD inspections/complaints, visit the site, and confirm age fit, availability, cost, staffing, and curriculum.",CDSS export,https://www.ccld.dss.ca.gov/carefacilitysearch/?Rewrite=FacDetail%2F384002301,https://data.ca.gov/dataset/community-care-licensing-facilities,https://legacy.sfdec.org/early-learning-for-all/early-learning-programs/,2025-05-25,2026-09-22,37.7612037,-122.3877731,810 ILLINOIS ST,Exact DataSF address,DataSF Enterprise Addressing System,2026-09-21
Rainbow Montessori,2358 24Th Avenue,San Francisco,CA,94116,DAY CARE CENTER,380505779,LICENSED,18,(415) 661-9100,9/26/1991,No,B - Licensed; no ELFA designation found,Shown as LICENSED in the CDSS child care center export dated 2025-05-25; no matching preschool license was found in the current SF DEC ELFA directory. ELFA participation is not universal.,"Screening category, not a standardized academic or review-site rating. Check current CCLD inspections/complaints, visit the site, and confirm age fit, availability, cost, staffing, and curriculum.",CDSS export,https://www.ccld.dss.ca.gov/carefacilitysearch/?Rewrite=FacDetail%2F380505779,https://data.ca.gov/dataset/community-care-licensing-facilities,https://legacy.sfdec.org/early-learning-for-all/early-learning-programs/,2025-05-25,2026-09-22,37.7436178,-122.4809676,2358 24TH AVE,Exact DataSF address,DataSF Enterprise Addressing System,2026-09-21
Richmond Academy,3435 Geary Blvd.,San Francisco,CA,94118,DAY CARE CENTER,384004300,LICENSED,72,(415) 260-0393,5/7/2021,No,B - Licensed; no ELFA designation found,Shown as LICENSED in the CDSS child care center export dated 2025-05-25; no matching preschool license was found in the current SF DEC ELFA directory. ELFA participation is not universal.,"Screening category, not a standardized academic or review-site rating. Check current CCLD inspections/complaints, visit the site, and confirm age fit, availability, cost, staffing, and curriculum.",CDSS export,https://www.ccld.dss.ca.gov/carefacilitysearch/?Rewrite=FacDetail%2F384004300,https://data.ca.gov/dataset/community-care-licensing-facilities,https://legacy.sfdec.org/early-learning-for-all/early-learning-programs/,2025-05-25,2026-09-22,37.7811857,-122.4557716,3435 GEARY BLVD,Exact DataSF address,DataSF Enterprise Addressing System,2026-09-21
Rocky Mountain Participation Nursery School,2475 - 15Th Street,San Francisco,CA,94114,DAY CARE CENTER,380504057,LICENSED,20,(415) 552-2929,7/1/1983,No,B - Licensed; no ELFA designation found,Shown as LICENSED in the CDSS child care center export dated 2025-05-25; no matching preschool license was found in the current SF DEC ELFA directory. ELFA participation is not universal.,"Screening category, not a standardized academic or review-site rating. Check current CCLD inspections/complaints, visit the site, and confirm age fit, availability, cost, staffing, and curriculum.",CDSS export,https://www.ccld.dss.ca.gov/carefacilitysearch/?Rewrite=FacDetail%2F380504057,https://data.ca.gov/dataset/community-care-licensing-facilities,https://legacy.sfdec.org/early-learning-for-all/early-learning-programs/,2025-05-25,2026-09-22,37.7661263,-122.4381808,"2475 15TH ST, SAN FRANCISCO, CA, 94114",US Census address match,US Census Geocoder Public_AR_Current,2026-09-22
"Room To Grow Preschool, The",3786 Mission Street,San Francisco,CA,94110,DAY CARE CENTER,384001473,LICENSED,26,(415) 826-9598,7/11/2005,No,B - Licensed; no ELFA designation found,Shown as LICENSED in the CDSS child care center export dated 2025-05-25; no matching preschool license was found in the current SF DEC ELFA directory. ELFA participation is not universal.,"Screening category, not a standardized academic or review-site rating. Check current CCLD inspections/complaints, visit the site, and confirm age fit, availability, cost, staffing, and curriculum.",CDSS export,https://www.ccld.dss.ca.gov/carefacilitysearch/?Rewrite=FacDetail%2F384001473,https://data.ca.gov/dataset/community-care-licensing-facilities,https://legacy.sfdec.org/early-learning-for-all/early-learning-programs/,2025-05-25,2026-09-22,37.7362093,-122.4247307,3786 MISSION ST,Exact DataSF address,DataSF Enterprise Addressing System,2026-09-21
Russian Hill Academy,1520 Pacific Avenue,San Francisco,CA,94109,SINGLE LICENSED CHILD CARE CENTER,384004891,LICENSED,45,(415) 260-0393,12/16/2024,No,B - Licensed; no ELFA designation found,Shown as LICENSED in the CDSS child care center export dated 2025-05-25; no matching preschool license was found in the current SF DEC ELFA directory. ELFA participation is not universal.,"Screening category, not a standardized academic or review-site rating. Check current CCLD inspections/complaints, visit the site, and confirm age fit, availability, cost, staffing, and curriculum.",CDSS export,https://www.ccld.dss.ca.gov/carefacilitysearch/?Rewrite=FacDetail%2F384004891,https://data.ca.gov/dataset/community-care-licensing-facilities,https://legacy.sfdec.org/early-learning-for-all/early-learning-programs/,2025-05-25,2026-09-22,37.7953714,-122.4203744,1520 PACIFIC AVE,Exact DataSF address,DataSF Enterprise Addressing System,2026-09-21
Russian Hill School,2026 Divisadero Street,San Francisco,CA,94115,DAY CARE CENTER,384001346,LICENSED,22,(415) 202-0525,5/11/2004,No,B - Licensed; no ELFA designation found,Shown as LICENSED in the CDSS child care center export dated 2025-05-25; no matching preschool license was found in the current SF DEC ELFA directory. ELFA participation is not universal.,"Screening category, not a standardized academic or review-site rating. Check current CCLD inspections/complaints, visit the site, and confirm age fit, availability, cost, staffing, and curriculum.",CDSS export,https://www.ccld.dss.ca.gov/carefacilitysearch/?Rewrite=FacDetail%2F384001346,https://data.ca.gov/dataset/community-care-licensing-facilities,https://legacy.sfdec.org/early-learning-for-all/early-learning-programs/,2025-05-25,2026-09-22,37.7885207,-122.44019,2026 DIVISADERO ST,Exact DataSF address,DataSF Enterprise Addressing System,2026-09-21
San Francisco Montessori Academy,1283 22Nd Ave,San Francisco,CA,94122,DAY CARE CENTER,384002968,LICENSED,23,(415) 759-5710,11/27/2017,No,B - Licensed; no ELFA designation found,Shown as LICENSED in the CDSS child care center export dated 2025-05-25; no matching preschool license was found in the current SF DEC ELFA directory. ELFA participation is not universal.,"Screening category, not a standardized academic or review-site rating. Check current CCLD inspections/complaints, visit the site, and confirm age fit, availability, cost, staffing, and curriculum.",CDSS export,https://www.ccld.dss.ca.gov/carefacilitysearch/?Rewrite=FacDetail%2F384002968,https://data.ca.gov/dataset/community-care-licensing-facilities,https://legacy.sfdec.org/early-learning-for-all/early-learning-programs/,2025-05-25,2026-09-22,37.763746,-122.4806895,1283 22ND AVE,Exact DataSF address,DataSF Enterprise Addressing System,2026-09-21
San Francisco School,300 Gaven,San Francisco,CA,94134,DAY CARE CENTER,380500581,LICENSED,90,(415) 239-5065,3/17/1981,No,B - Licensed; no ELFA designation found,Shown as LICENSED in the CDSS child care center export dated 2025-05-25; no matching preschool license was found in the current SF DEC ELFA directory. ELFA participation is not universal.,"Screening category, not a standardized academic or review-site rating. Check current CCLD inspections/complaints, visit the site, and confirm age fit, availability, cost, staffing, and curriculum.",CDSS export,https://www.ccld.dss.ca.gov/carefacilitysearch/?Rewrite=FacDetail%2F380500581,https://data.ca.gov/dataset/community-care-licensing-facilities,https://legacy.sfdec.org/early-learning-for-all/early-learning-programs/,2025-05-25,2026-09-22,37.7326419,-122.4112187,"300 GAVEN ST, SAN FRANCISCO, CA, 94134",US Census address match,US Census Geocoder Public_AR_Current,2026-09-22
"Scandinavian School In San Francisco, The",20 Woodside Avenue,San Francisco,CA,94127,DAY CARE CENTER,384001418,LICENSED,57,(415) 665-3276,1/7/2005,No,B - Licensed; no ELFA designation found,Shown as LICENSED in the CDSS child care center export dated 2025-05-25; no matching preschool license was found in the current SF DEC ELFA directory. ELFA participation is not universal.,"Screening category, not a standardized academic or review-site rating. Check current CCLD inspections/complaints, visit the site, and confirm age fit, availability, cost, staffing, and curriculum.",CDSS export,https://www.ccld.dss.ca.gov/carefacilitysearch/?Rewrite=FacDetail%2F384001418,https://data.ca.gov/dataset/community-care-licensing-facilities,https://legacy.sfdec.org/early-learning-for-all/early-learning-programs/,2025-05-25,2026-09-22,37.7466824,-122.4578546,20 WOODSIDE AVE,Exact DataSF address,DataSF Enterprise Addressing System,2026-09-21
Seabird Of North Beach,1945 Stockton Street,San Francisco,CA,94133,DAY CARE CENTER,384004613,LICENSED,41,(415) 297-5185,11/30/2022,No,B - Licensed; no ELFA designation found,Shown as LICENSED in the CDSS child care center export dated 2025-05-25; no matching preschool license was found in the current SF DEC ELFA directory. ELFA participation is not universal.,"Screening category, not a standardized academic or review-site rating. Check current CCLD inspections/complaints, visit the site, and confirm age fit, availability, cost, staffing, and curriculum.",CDSS export,https://www.ccld.dss.ca.gov/carefacilitysearch/?Rewrite=FacDetail%2F384004613,https://data.ca.gov/dataset/community-care-licensing-facilities,https://legacy.sfdec.org/early-learning-for-all/early-learning-programs/,2025-05-25,2026-09-22,37.8038752,-122.410004,1945 STOCKTON ST,Exact DataSF address,DataSF Enterprise Addressing System,2026-09-21
"Serra Preschool, The",7 Funston Avenue,San Francisco,CA,94129,DAY CARE CENTER,384001376,LICENSED,47,(415) 561-2200,12/29/2004,No,B - Licensed; no ELFA designation found,Shown as LICENSED in the CDSS child care center export dated 2025-05-25; no matching preschool license was found in the current SF DEC ELFA directory. ELFA participation is not universal.,"Screening category, not a standardized academic or review-site rating. Check current CCLD inspections/complaints, visit the site, and confirm age fit, availability, cost, staffing, and curriculum.",CDSS export,https://www.ccld.dss.ca.gov/carefacilitysearch/?Rewrite=FacDetail%2F384001376,https://data.ca.gov/dataset/community-care-licensing-facilities,https://legacy.sfdec.org/early-learning-for-all/early-learning-programs/,2025-05-25,2026-09-22,37.7992981,-122.4561137,7 FUNSTON AVE,Exact DataSF address,DataSF Enterprise Addressing System,2026-09-21
SF Waldorf School-Nursery Prog. East,3105 Sacramento Street,San Francisco,CA,94115,DAY CARE CENTER,384002419,LICENSED,46,(415) 931-2244,7/14/2014,No,B - Licensed; no ELFA designation found,Shown as LICENSED in the CDSS child care center export dated 2025-05-25; no matching preschool license was found in the current SF DEC ELFA directory. ELFA participation is not universal.,"Screening category, not a standardized academic or review-site rating. Check current CCLD inspections/complaints, visit the site, and confirm age fit, availability, cost, staffing, and curriculum.",CDSS export,https://www.ccld.dss.ca.gov/carefacilitysearch/?Rewrite=FacDetail%2F384002419,https://data.ca.gov/dataset/community-care-licensing-facilities,https://legacy.sfdec.org/early-learning-for-all/early-learning-programs/,2025-05-25,2026-09-22,37.7884296,-122.4442182,3105 SACRAMENTO ST,Exact DataSF address,DataSF Enterprise Addressing System,2026-09-21
Sfsu - Children'S Campus (Preschool),5N State Dr. Lake Merced Blvd.,San Francisco,CA,94132,DAY CARE CENTER,384001884,LICENSED,42,(415) 405-4011,1/28/2009,No,B - Licensed; no ELFA designation found,Shown as LICENSED in the CDSS child care center export dated 2025-05-25; no matching preschool license was found in the current SF DEC ELFA directory. ELFA participation is not universal.,"Screening category, not a standardized academic or review-site rating. Check current CCLD inspections/complaints, visit the site, and confirm age fit, availability, cost, staffing, and curriculum.",CDSS export,https://www.ccld.dss.ca.gov/carefacilitysearch/?Rewrite=FacDetail%2F384001884,https://data.ca.gov/dataset/community-care-licensing-facilities,https://legacy.sfdec.org/early-learning-for-all/early-learning-programs/,2025-05-25,2026-09-22,37.7260402,-122.4822453,"North State Drive, San Francisco, CA 94132",Published campus road centroid,OpenStreetMap North State Drive centroid,2026-09-22
SFUSD-George Washington Carver Elementary School,1360 Oakdale Avenue,San Francisco,CA,94124,DAY CARE CENTER,384004601,LICENSED,144,(415) 330-1540,8/10/2022,No,B - Licensed; no ELFA designation found,Shown as LICENSED in the CDSS child care center export dated 2025-05-25; no matching preschool license was found in the current SF DEC ELFA directory. ELFA participation is not universal.,"Screening category, not a standardized academic or review-site rating. Check current CCLD inspections/complaints, visit the site, and confirm age fit, availability, cost, staffing, and curriculum.",CDSS export,https://www.ccld.dss.ca.gov/carefacilitysearch/?Rewrite=FacDetail%2F384004601,https://data.ca.gov/dataset/community-care-licensing-facilities,https://legacy.sfdec.org/early-learning-for-all/early-learning-programs/,2025-05-25,2026-09-22,37.7318978,-122.3856299,1360 OAKDALE AVE,Exact DataSF address,DataSF Enterprise Addressing System,2026-09-21
SFUSD-Paul Revere Early Educ School,"555 Tompkins St.,Rm 107 & 108",San Francisco,CA,94110,DAY CARE CENTER,384002717,LICENSED,48,(415) 695-5656,8/12/2016,No,B - Licensed; no ELFA designation found,Shown as LICENSED in the CDSS child care center export dated 2025-05-25; no matching preschool license was found in the current SF DEC ELFA directory. ELFA participation is not universal.,"Screening category, not a standardized academic or review-site rating. Check current CCLD inspections/complaints, visit the site, and confirm age fit, availability, cost, staffing, and curriculum.",CDSS export,https://www.ccld.dss.ca.gov/carefacilitysearch/?Rewrite=FacDetail%2F384002717,https://data.ca.gov/dataset/community-care-licensing-facilities,https://legacy.sfdec.org/early-learning-for-all/early-learning-programs/,2025-05-25,2026-09-22,37.7372052,-122.4129999,555 TOMPKINS AVE,DataSF normalized street match,DataSF Enterprise Addressing System,2026-09-21
Shalom School,862 28Th Avenue,San Francisco,CA,94121,DAY CARE CENTER,384001312,LICENSED,36,(415) 831-8399,4/26/2004,No,B - Licensed; no ELFA designation found,Shown as LICENSED in the CDSS child care center export dated 2025-05-25; no matching preschool license was found in the current SF DEC ELFA directory. ELFA participation is not universal.,"Screening category, not a standardized academic or review-site rating. Check current CCLD inspections/complaints, visit the site, and confirm age fit, availability, cost, staffing, and curriculum.",CDSS export,https://www.ccld.dss.ca.gov/carefacilitysearch/?Rewrite=FacDetail%2F384001312,https://data.ca.gov/dataset/community-care-licensing-facilities,https://legacy.sfdec.org/early-learning-for-all/early-learning-programs/,2025-05-25,2026-09-22,37.773133,-122.4871206,862 28TH AVE,Exact DataSF address,DataSF Enterprise Addressing System,2026-09-21
Sherith Israel Preschool,2266 California Street,San Francisco,CA,94115,DAY CARE CENTER,384004702,LICENSED,75,(415) 346-1720,6/26/2023,No,B - Licensed; no ELFA designation found,Shown as LICENSED in the CDSS child care center export dated 2025-05-25; no matching preschool license was found in the current SF DEC ELFA directory. ELFA participation is not universal.,"Screening category, not a standardized academic or review-site rating. Check current CCLD inspections/complaints, visit the site, and confirm age fit, availability, cost, staffing, and curriculum.",CDSS export,https://www.ccld.dss.ca.gov/carefacilitysearch/?Rewrite=FacDetail%2F384004702,https://data.ca.gov/dataset/community-care-licensing-facilities,https://legacy.sfdec.org/early-learning-for-all/early-learning-programs/,2025-05-25,2026-09-22,37.7894669,-122.43181,2266 CALIFORNIA ST,Exact DataSF address,DataSF Enterprise Addressing System,2026-09-21
Solmar Learning Center,199 Shotwell Street,San Francisco,CA,94110,DAY CARE CENTER,384004505,LICENSED,18,(415) 713-7872,2/14/2022,No,B - Licensed; no ELFA designation found,Shown as LICENSED in the CDSS child care center export dated 2025-05-25; no matching preschool license was found in the current SF DEC ELFA directory. ELFA participation is not universal.,"Screening category, not a standardized academic or review-site rating. Check current CCLD inspections/complaints, visit the site, and confirm age fit, availability, cost, staffing, and curriculum.",CDSS export,https://www.ccld.dss.ca.gov/carefacilitysearch/?Rewrite=FacDetail%2F384004505,https://data.ca.gov/dataset/community-care-licensing-facilities,https://legacy.sfdec.org/early-learning-for-all/early-learning-programs/,2025-05-25,2026-09-22,37.7654812,-122.4162782,199 SHOTWELL ST,Exact DataSF address; source ZIP differs,DataSF Enterprise Addressing System,2026-09-21
St. Anne Pre-Kindergarten (Ps),1320 14Th Avenue,San Francisco,CA,94122,DAY CARE CENTER,384002584,LICENSED,52,(415) 731-2355,3/17/2015,No,B - Licensed; no ELFA designation found,Shown as LICENSED in the CDSS child care center export dated 2025-05-25; no matching preschool license was found in the current SF DEC ELFA directory. ELFA participation is not universal.,"Screening category, not a standardized academic or review-site rating. Check current CCLD inspections/complaints, visit the site, and confirm age fit, availability, cost, staffing, and curriculum.",CDSS export,https://www.ccld.dss.ca.gov/carefacilitysearch/?Rewrite=FacDetail%2F384002584,https://data.ca.gov/dataset/community-care-licensing-facilities,https://legacy.sfdec.org/early-learning-for-all/early-learning-programs/,2025-05-25,2026-09-22,37.7630235,-122.4712842,1320 14TH AVE,Exact DataSF address,DataSF Enterprise Addressing System,2026-09-21
St. Anne Preschool,1362A 14Th Avenue,San Francisco,CA,94122,DAY CARE CENTER,384001789,LICENSED,25,(415) 731-2355,5/1/2008,No,B - Licensed; no ELFA designation found,Shown as LICENSED in the CDSS child care center export dated 2025-05-25; no matching preschool license was found in the current SF DEC ELFA directory. ELFA participation is not universal.,"Screening category, not a standardized academic or review-site rating. Check current CCLD inspections/complaints, visit the site, and confirm age fit, availability, cost, staffing, and curriculum.",CDSS export,https://www.ccld.dss.ca.gov/carefacilitysearch/?Rewrite=FacDetail%2F384001789,https://data.ca.gov/dataset/community-care-licensing-facilities,https://legacy.sfdec.org/early-learning-for-all/early-learning-programs/,2025-05-25,2026-09-22,37.7626396,-122.4712574,1362 14TH AVE,DataSF base address,DataSF Enterprise Addressing System,2026-09-21
St. Luke'S Parish School,1335 Sutter Street,San Francisco,CA,94109,DAY CARE CENTER,384002543,LICENSED,104,(415) 474-9489,9/25/2014,No,B - Licensed; no ELFA designation found,Shown as LICENSED in the CDSS child care center export dated 2025-05-25; no matching preschool license was found in the current SF DEC ELFA directory. ELFA participation is not universal.,"Screening category, not a standardized academic or review-site rating. Check current CCLD inspections/complaints, visit the site, and confirm age fit, availability, cost, staffing, and curriculum.",CDSS export,https://www.ccld.dss.ca.gov/carefacilitysearch/?Rewrite=FacDetail%2F384002543,https://data.ca.gov/dataset/community-care-licensing-facilities,https://legacy.sfdec.org/early-learning-for-all/early-learning-programs/,2025-05-25,2026-09-22,37.7872084,-122.4223404,1335 SUTTER ST,Exact DataSF address,DataSF Enterprise Addressing System,2026-09-21
St. Nicholas Day Care And Preschool,5200 Diamond Heights Blvd.,San Francisco,CA,94131,DAY CARE CENTER,380504369,LICENSED,70,(415) 550-1536,8/17/1987,No,B - Licensed; no ELFA designation found,Shown as LICENSED in the CDSS child care center export dated 2025-05-25; no matching preschool license was found in the current SF DEC ELFA directory. ELFA participation is not universal.,"Screening category, not a standardized academic or review-site rating. Check current CCLD inspections/complaints, visit the site, and confirm age fit, availability, cost, staffing, and curriculum.",CDSS export,https://www.ccld.dss.ca.gov/carefacilitysearch/?Rewrite=FacDetail%2F380504369,https://data.ca.gov/dataset/community-care-licensing-facilities,https://legacy.sfdec.org/early-learning-for-all/early-learning-programs/,2025-05-25,2026-09-22,37.744921,-122.4404203,5200 DIAMOND HEIGHTS BLVD,Exact DataSF address,DataSF Enterprise Addressing System,2026-09-21
St. Philip The Apostle Preschool Day Care Center,725 Diamond Street,San Francisco,CA,94114,DAY CARE CENTER,384001548,LICENSED,30,(415) 282-0141,2/1/2006,No,B - Licensed; no ELFA designation found,Shown as LICENSED in the CDSS child care center export dated 2025-05-25; no matching preschool license was found in the current SF DEC ELFA directory. ELFA participation is not universal.,"Screening category, not a standardized academic or review-site rating. Check current CCLD inspections/complaints, visit the site, and confirm age fit, availability, cost, staffing, and curriculum.",CDSS export,https://www.ccld.dss.ca.gov/carefacilitysearch/?Rewrite=FacDetail%2F384001548,https://data.ca.gov/dataset/community-care-licensing-facilities,https://legacy.sfdec.org/early-learning-for-all/early-learning-programs/,2025-05-25,2026-09-22,37.7516324,-122.4360173,725 DIAMOND ST,Exact DataSF address,DataSF Enterprise Addressing System,2026-09-21
St. Stephen Preschool,473 Eucalyptus Drive,San Francisco,CA,94132,DAY CARE CENTER,384004245,LICENSED,36,(415) 682-2142,2/14/2020,No,B - Licensed; no ELFA designation found,Shown as LICENSED in the CDSS child care center export dated 2025-05-25; no matching preschool license was found in the current SF DEC ELFA directory. ELFA participation is not universal.,"Screening category, not a standardized academic or review-site rating. Check current CCLD inspections/complaints, visit the site, and confirm age fit, availability, cost, staffing, and curriculum.",CDSS export,https://www.ccld.dss.ca.gov/carefacilitysearch/?Rewrite=FacDetail%2F384004245,https://data.ca.gov/dataset/community-care-licensing-facilities,https://legacy.sfdec.org/early-learning-for-all/early-learning-programs/,2025-05-25,2026-09-22,37.7308999,-122.4775688,473 EUCALYPTUS DR,Exact DataSF address,DataSF Enterprise Addressing System,2026-09-21
St. Thomas More Preschool,2 Thomas More Way,San Francisco,CA,94132,DAY CARE CENTER,384001829,LICENSED,32,(415) 337-0100,8/29/2008,No,B - Licensed; no ELFA designation found,Shown as LICENSED in the CDSS child care center export dated 2025-05-25; no matching preschool license was found in the current SF DEC ELFA directory. ELFA participation is not universal.,"Screening category, not a standardized academic or review-site rating. Check current CCLD inspections/complaints, visit the site, and confirm age fit, availability, cost, staffing, and curriculum.",CDSS export,https://www.ccld.dss.ca.gov/carefacilitysearch/?Rewrite=FacDetail%2F384001829,https://data.ca.gov/dataset/community-care-licensing-facilities,https://legacy.sfdec.org/early-learning-for-all/early-learning-programs/,2025-05-25,2026-09-22,37.7129082,-122.4735731,2 THOMAS MORE WAY,Exact DataSF address,DataSF Enterprise Addressing System,2026-09-21
St.Thomas The Apostle Pre&K Lrng Ctr,710 - 40Th Avenue,San Francisco,CA,94121,DAY CARE CENTER,384002040,LICENSED,75,(415) 387-5511,9/3/2010,No,B - Licensed; no ELFA designation found,Shown as LICENSED in the CDSS child care center export dated 2025-05-25; no matching preschool license was found in the current SF DEC ELFA directory. ELFA participation is not universal.,"Screening category, not a standardized academic or review-site rating. Check current CCLD inspections/complaints, visit the site, and confirm age fit, availability, cost, staffing, and curriculum.",CDSS export,https://www.ccld.dss.ca.gov/carefacilitysearch/?Rewrite=FacDetail%2F384002040,https://data.ca.gov/dataset/community-care-licensing-facilities,https://legacy.sfdec.org/early-learning-for-all/early-learning-programs/,2025-05-25,2026-09-22,37.7752318,-122.5003533,710 40TH AVE,Exact DataSF address,DataSF Enterprise Addressing System,2026-09-21
Star Of The Sea Preschool,360 Ninth Avenue,San Francisco,CA,94118,DAY CARE CENTER,384001604,LICENSED,30,(415) 221-7449,2/21/2007,No,B - Licensed; no ELFA designation found,Shown as LICENSED in the CDSS child care center export dated 2025-05-25; no matching preschool license was found in the current SF DEC ELFA directory. ELFA participation is not universal.,"Screening category, not a standardized academic or review-site rating. Check current CCLD inspections/complaints, visit the site, and confirm age fit, availability, cost, staffing, and curriculum.",CDSS export,https://www.ccld.dss.ca.gov/carefacilitysearch/?Rewrite=FacDetail%2F384001604,https://data.ca.gov/dataset/community-care-licensing-facilities,https://legacy.sfdec.org/early-learning-for-all/early-learning-programs/,2025-05-25,2026-09-22,37.7818323,-122.4670126,360 09TH AVE,DataSF normalized street match,DataSF Enterprise Addressing System,2026-09-21
Starlight Two,3155 Vicente Street,San Francisco,CA,94116,DAY CARE CENTER,384001536,LICENSED,45,(415) 564-8313,11/2/2005,No,B - Licensed; no ELFA designation found,Shown as LICENSED in the CDSS child care center export dated 2025-05-25; no matching preschool license was found in the current SF DEC ELFA directory. ELFA participation is not universal.,"Screening category, not a standardized academic or review-site rating. Check current CCLD inspections/complaints, visit the site, and confirm age fit, availability, cost, staffing, and curriculum.",CDSS export,https://www.ccld.dss.ca.gov/carefacilitysearch/?Rewrite=FacDetail%2F384001536,https://data.ca.gov/dataset/community-care-licensing-facilities,https://legacy.sfdec.org/early-learning-for-all/early-learning-programs/,2025-05-25,2026-09-22,37.7380346,-122.5008707,3155 VICENTE ST,Exact DataSF address,DataSF Enterprise Addressing System,2026-09-21
Stepping Stones Pre-School - Inner Sunset,1329 - 7Th Avenue,San Francisco,CA,94122,DAY CARE CENTER,384000255,LICENSED,45,(415) 665-4189,4/3/1997,No,B - Licensed; no ELFA designation found,Shown as LICENSED in the CDSS child care center export dated 2025-05-25; no matching preschool license was found in the current SF DEC ELFA directory. ELFA participation is not universal.,"Screening category, not a standardized academic or review-site rating. Check current CCLD inspections/complaints, visit the site, and confirm age fit, availability, cost, staffing, and curriculum.",CDSS export,https://www.ccld.dss.ca.gov/carefacilitysearch/?Rewrite=FacDetail%2F384000255,https://data.ca.gov/dataset/community-care-licensing-facilities,https://legacy.sfdec.org/early-learning-for-all/early-learning-programs/,2025-05-25,2026-09-22,37.7635701,-122.4642036,"1329 7TH AVE, SAN FRANCISCO, CA, 94122",US Census address match,US Census Geocoder Public_AR_Current,2026-09-22
Stratford School,2425 19Th Avenue,San Francisco,CA,94116,DAY CARE CENTER,384004165,LICENSED,174,(408) 973-7320,8/20/2020,No,B - Licensed; no ELFA designation found,Shown as LICENSED in the CDSS child care center export dated 2025-05-25; no matching preschool license was found in the current SF DEC ELFA directory. ELFA participation is not universal.,"Screening category, not a standardized academic or review-site rating. Check current CCLD inspections/complaints, visit the site, and confirm age fit, availability, cost, staffing, and curriculum.",CDSS export,https://www.ccld.dss.ca.gov/carefacilitysearch/?Rewrite=FacDetail%2F384004165,https://data.ca.gov/dataset/community-care-licensing-facilities,https://legacy.sfdec.org/early-learning-for-all/early-learning-programs/,2025-05-25,2026-09-22,37.7426134,-122.4762479,2425 19TH AVE,Exact DataSF address,DataSF Enterprise Addressing System,2026-09-21
Stratford School,301 De Montfort Avenue,San Francisco,CA,94112,SINGLE LICENSED CHILD CARE CENTER,384004883,LICENSED,20,(415) 333-3134,8/20/2024,No,B - Licensed; no ELFA designation found,Shown as LICENSED in the CDSS child care center export dated 2025-05-25; no matching preschool license was found in the current SF DEC ELFA directory. ELFA participation is not universal.,"Screening category, not a standardized academic or review-site rating. Check current CCLD inspections/complaints, visit the site, and confirm age fit, availability, cost, staffing, and curriculum.",CDSS export,https://www.ccld.dss.ca.gov/carefacilitysearch/?Rewrite=FacDetail%2F384004883,https://data.ca.gov/dataset/community-care-licensing-facilities,https://legacy.sfdec.org/early-learning-for-all/early-learning-programs/,2025-05-25,2026-09-22,37.7235437,-122.4616314,301 DE MONTFORT AVE,Exact DataSF address,DataSF Enterprise Addressing System,2026-09-21
Stratford Schools-SF 14Th Ave.,645 14Th Avenue,San Francisco,CA,94118,DAY CARE CENTER,384004006,LICENSED,77,(415) 521-1535,11/19/2018,No,B - Licensed; no ELFA designation found,Shown as LICENSED in the CDSS child care center export dated 2025-05-25; no matching preschool license was found in the current SF DEC ELFA directory. ELFA participation is not universal.,"Screening category, not a standardized academic or review-site rating. Check current CCLD inspections/complaints, visit the site, and confirm age fit, availability, cost, staffing, and curriculum.",CDSS export,https://www.ccld.dss.ca.gov/carefacilitysearch/?Rewrite=FacDetail%2F384004006,https://data.ca.gov/dataset/community-care-licensing-facilities,https://legacy.sfdec.org/early-learning-for-all/early-learning-programs/,2025-05-25,2026-09-22,37.7759808,-122.4726468,645 14TH AVE,Exact DataSF address,DataSF Enterprise Addressing System,2026-09-21
"Stretch The Imagination, LLC",2509 Bush Street,San Francisco,CA,94115,DAY CARE CENTER,384002029,LICENSED,52,(415) 922-0104,8/24/2011,No,B - Licensed; no ELFA designation found,Shown as LICENSED in the CDSS child care center export dated 2025-05-25; no matching preschool license was found in the current SF DEC ELFA directory. ELFA participation is not universal.,"Screening category, not a standardized academic or review-site rating. Check current CCLD inspections/complaints, visit the site, and confirm age fit, availability, cost, staffing, and curriculum.",CDSS export,https://www.ccld.dss.ca.gov/carefacilitysearch/?Rewrite=FacDetail%2F384002029,https://data.ca.gov/dataset/community-care-licensing-facilities,https://legacy.sfdec.org/early-learning-for-all/early-learning-programs/,2025-05-25,2026-09-22,37.7860941,-122.4388885,2509 BUSH ST,Exact DataSF address,DataSF Enterprise Addressing System,2026-09-21
Sts. Peter And Paul Laura Vicuna Pre-Kindergarten,666 Filbert Street,San Francisco,CA,94133,DAY CARE CENTER,380505426,LICENSED,42,(415) 296-8549,8/14/1989,No,B - Licensed; no ELFA designation found,Shown as LICENSED in the CDSS child care center export dated 2025-05-25; no matching preschool license was found in the current SF DEC ELFA directory. ELFA participation is not universal.,"Screening category, not a standardized academic or review-site rating. Check current CCLD inspections/complaints, visit the site, and confirm age fit, availability, cost, staffing, and curriculum.",CDSS export,https://www.ccld.dss.ca.gov/carefacilitysearch/?Rewrite=FacDetail%2F380505426,https://data.ca.gov/dataset/community-care-licensing-facilities,https://legacy.sfdec.org/early-learning-for-all/early-learning-programs/,2025-05-25,2026-09-22,37.8013676,-122.4104338,666 FILBERT ST,Exact DataSF address,DataSF Enterprise Addressing System,2026-09-21
Sts. Peter And Paul-Laura Vicuna Pre-Kindergarten,620 Filbert Street,San Francisco,CA,94133,DAY CARE CENTER,384004299,LICENSED,24,(415) 296-8549,10/7/2020,No,B - Licensed; no ELFA designation found,Shown as LICENSED in the CDSS child care center export dated 2025-05-25; no matching preschool license was found in the current SF DEC ELFA directory. ELFA participation is not universal.,"Screening category, not a standardized academic or review-site rating. Check current CCLD inspections/complaints, visit the site, and confirm age fit, availability, cost, staffing, and curriculum.",CDSS export,https://www.ccld.dss.ca.gov/carefacilitysearch/?Rewrite=FacDetail%2F384004299,https://data.ca.gov/dataset/community-care-licensing-facilities,https://legacy.sfdec.org/early-learning-for-all/early-learning-programs/,2025-05-25,2026-09-22,37.8014518,-122.4097168,620 FILBERT ST,Exact DataSF address,DataSF Enterprise Addressing System,2026-09-21
"Studio Montessori, LLC (Ps)",633 8Th Street,San Francisco,CA,94103,DAY CARE CENTER,384004114,LICENSED,31,(415) 510-1287,6/17/2019,No,B - Licensed; no ELFA designation found,Shown as LICENSED in the CDSS child care center export dated 2025-05-25; no matching preschool license was found in the current SF DEC ELFA directory. ELFA participation is not universal.,"Screening category, not a standardized academic or review-site rating. Check current CCLD inspections/complaints, visit the site, and confirm age fit, availability, cost, staffing, and curriculum.",CDSS export,https://www.ccld.dss.ca.gov/carefacilitysearch/?Rewrite=FacDetail%2F384004114,https://data.ca.gov/dataset/community-care-licensing-facilities,https://legacy.sfdec.org/early-learning-for-all/early-learning-programs/,2025-05-25,2026-09-22,37.771147,-122.4048857,633 08TH ST,DataSF normalized street match,DataSF Enterprise Addressing System,2026-09-21
Sunny Infant Preschool-Clement,3101 Clement Street,San Francisco,CA,94121,SINGLE LICENSED CHILD CARE CENTER,384004857,LICENSED,18,(415) 831-3300,10/28/2024,No,B - Licensed; no ELFA designation found,Shown as LICENSED in the CDSS child care center export dated 2025-05-25; no matching preschool license was found in the current SF DEC ELFA directory. ELFA participation is not universal.,"Screening category, not a standardized academic or review-site rating. Check current CCLD inspections/complaints, visit the site, and confirm age fit, availability, cost, staffing, and curriculum.",CDSS export,https://www.ccld.dss.ca.gov/carefacilitysearch/?Rewrite=FacDetail%2F384004857,https://data.ca.gov/dataset/community-care-licensing-facilities,https://legacy.sfdec.org/early-learning-for-all/early-learning-programs/,2025-05-25,2026-09-22,37.7815456,-122.4925286,3101 CLEMENT ST,Exact DataSF address,DataSF Enterprise Addressing System,2026-09-21
Sunrise Christian Preschool,2235 Judah Street,San Francisco,CA,94122,DAY CARE CENTER,384001395,LICENSED,22,(415) 682-9490,3/29/2005,No,B - Licensed; no ELFA designation found,Shown as LICENSED in the CDSS child care center export dated 2025-05-25; no matching preschool license was found in the current SF DEC ELFA directory. ELFA participation is not universal.,"Screening category, not a standardized academic or review-site rating. Check current CCLD inspections/complaints, visit the site, and confirm age fit, availability, cost, staffing, and curriculum.",CDSS export,https://www.ccld.dss.ca.gov/carefacilitysearch/?Rewrite=FacDetail%2F384001395,https://data.ca.gov/dataset/community-care-licensing-facilities,https://legacy.sfdec.org/early-learning-for-all/early-learning-programs/,2025-05-25,2026-09-22,37.7610487,-122.4861726,2235 JUDAH ST,Exact DataSF address,DataSF Enterprise Addressing System,2026-09-21
Sunset Nursery School,4245 Lawton Street,San Francisco,CA,94122,DAY CARE CENTER,384002119,LICENSED,38,(415) 504-6467,12/31/2010,No,B - Licensed; no ELFA designation found,Shown as LICENSED in the CDSS child care center export dated 2025-05-25; no matching preschool license was found in the current SF DEC ELFA directory. ELFA participation is not universal.,"Screening category, not a standardized academic or review-site rating. Check current CCLD inspections/complaints, visit the site, and confirm age fit, availability, cost, staffing, and curriculum.",CDSS export,https://www.ccld.dss.ca.gov/carefacilitysearch/?Rewrite=FacDetail%2F384002119,https://data.ca.gov/dataset/community-care-licensing-facilities,https://legacy.sfdec.org/early-learning-for-all/early-learning-programs/,2025-05-25,2026-09-22,37.756384,-122.5085026,4245 LAWTON ST,Exact DataSF address,DataSF Enterprise Addressing System,2026-09-21
Sunset Sprouts,1427 11Th Avenue,San Francisco,CA,94122,DAY CARE CENTER,384002663,LICENSED,14,(415) 347-5645,8/9/2016,No,B - Licensed; no ELFA designation found,Shown as LICENSED in the CDSS child care center export dated 2025-05-25; no matching preschool license was found in the current SF DEC ELFA directory. ELFA participation is not universal.,"Screening category, not a standardized academic or review-site rating. Check current CCLD inspections/complaints, visit the site, and confirm age fit, availability, cost, staffing, and curriculum.",CDSS export,https://www.ccld.dss.ca.gov/carefacilitysearch/?Rewrite=FacDetail%2F384002663,https://data.ca.gov/dataset/community-care-licensing-facilities,https://legacy.sfdec.org/early-learning-for-all/early-learning-programs/,2025-05-25,2026-09-22,37.7615125,-122.4686104,1427 11TH AVE,Exact DataSF address,DataSF Enterprise Addressing System,2026-09-21
Sunshine Adventures Mission,5348 Mission Street,San Francisco,CA,94112,SINGLE LICENSED CHILD CARE CENTER,384004894,LICENSED,23,(415) 699-5820,1/9/2025,No,B - Licensed; no ELFA designation found,Shown as LICENSED in the CDSS child care center export dated 2025-05-25; no matching preschool license was found in the current SF DEC ELFA directory. ELFA participation is not universal.,"Screening category, not a standardized academic or review-site rating. Check current CCLD inspections/complaints, visit the site, and confirm age fit, availability, cost, staffing, and curriculum.",CDSS export,https://www.ccld.dss.ca.gov/carefacilitysearch/?Rewrite=FacDetail%2F384004894,https://data.ca.gov/dataset/community-care-licensing-facilities,https://legacy.sfdec.org/early-learning-for-all/early-learning-programs/,2025-05-25,2026-09-22,37.7142055,-122.4434105,5348 MISSION ST,Exact DataSF address,DataSF Enterprise Addressing System,2026-09-21
Sweet Peas Preschool,1647 Valencia Street,San Francisco,CA,94110,DAY CARE CENTER,384003038,LICENSED,40,(415) 637-0796,7/17/2018,No,B - Licensed; no ELFA designation found,Shown as LICENSED in the CDSS child care center export dated 2025-05-25; no matching preschool license was found in the current SF DEC ELFA directory. ELFA participation is not universal.,"Screening category, not a standardized academic or review-site rating. Check current CCLD inspections/complaints, visit the site, and confirm age fit, availability, cost, staffing, and curriculum.",CDSS export,https://www.ccld.dss.ca.gov/carefacilitysearch/?Rewrite=FacDetail%2F384003038,https://data.ca.gov/dataset/community-care-licensing-facilities,https://legacy.sfdec.org/early-learning-for-all/early-learning-programs/,2025-05-25,2026-09-22,37.7468598,-122.4198281,1647 VALENCIA ST,Exact DataSF address,DataSF Enterprise Addressing System,2026-09-21
"Teaching Tots Preschool, Inc.",939 Irving Street,San Francisco,CA,94122,DAY CARE CENTER,384002677,LICENSED,24,(415) 731-9705,12/2/2015,No,B - Licensed; no ELFA designation found,Shown as LICENSED in the CDSS child care center export dated 2025-05-25; no matching preschool license was found in the current SF DEC ELFA directory. ELFA participation is not universal.,"Screening category, not a standardized academic or review-site rating. Check current CCLD inspections/complaints, visit the site, and confirm age fit, availability, cost, staffing, and curriculum.",CDSS export,https://www.ccld.dss.ca.gov/carefacilitysearch/?Rewrite=FacDetail%2F384002677,https://data.ca.gov/dataset/community-care-licensing-facilities,https://legacy.sfdec.org/early-learning-for-all/early-learning-programs/,2025-05-25,2026-09-22,37.7637148,-122.4680714,939 IRVING ST,Exact DataSF address,DataSF Enterprise Addressing System,2026-09-21
Telegraph Hill Parent Participation Nursery,1401 Broadway,San Francisco,CA,94109,DAY CARE CENTER,384002961,LICENSED,28,(415) 359-0193,8/18/2017,No,B - Licensed; no ELFA designation found,Shown as LICENSED in the CDSS child care center export dated 2025-05-25; no matching preschool license was found in the current SF DEC ELFA directory. ELFA participation is not universal.,"Screening category, not a standardized academic or review-site rating. Check current CCLD inspections/complaints, visit the site, and confirm age fit, availability, cost, staffing, and curriculum.",CDSS export,https://www.ccld.dss.ca.gov/carefacilitysearch/?Rewrite=FacDetail%2F384002961,https://data.ca.gov/dataset/community-care-licensing-facilities,https://legacy.sfdec.org/early-learning-for-all/early-learning-programs/,2025-05-25,2026-09-22,37.7957388,-122.4205431,1401 BROADWAY,Exact DataSF address,DataSF Enterprise Addressing System,2026-09-21
Temple Emanu-El Preschool,350 9Th Avenue,San Francisco,CA,94118,DAY CARE CENTER,384004761,LICENSED,55,(415) 750-7549,8/28/2023,No,B - Licensed; no ELFA designation found,Shown as LICENSED in the CDSS child care center export dated 2025-05-25; no matching preschool license was found in the current SF DEC ELFA directory. ELFA participation is not universal.,"Screening category, not a standardized academic or review-site rating. Check current CCLD inspections/complaints, visit the site, and confirm age fit, availability, cost, staffing, and curriculum.",CDSS export,https://www.ccld.dss.ca.gov/carefacilitysearch/?Rewrite=FacDetail%2F384004761,https://data.ca.gov/dataset/community-care-licensing-facilities,https://legacy.sfdec.org/early-learning-for-all/early-learning-programs/,2025-05-25,2026-09-22,37.7818323,-122.4670126,350 09TH AVE,DataSF normalized street match,DataSF Enterprise Addressing System,2026-09-21
Teremok,2460 Sutter Street,San Francisco,CA,94115,DAY CARE CENTER,384000793,LICENSED,15,(415) 441-3866,3/15/2001,No,B - Licensed; no ELFA designation found,Shown as LICENSED in the CDSS child care center export dated 2025-05-25; no matching preschool license was found in the current SF DEC ELFA directory. ELFA participation is not universal.,"Screening category, not a standardized academic or review-site rating. Check current CCLD inspections/complaints, visit the site, and confirm age fit, availability, cost, staffing, and curriculum.",CDSS export,https://www.ccld.dss.ca.gov/carefacilitysearch/?Rewrite=FacDetail%2F384000793,https://data.ca.gov/dataset/community-care-licensing-facilities,https://legacy.sfdec.org/early-learning-for-all/early-learning-programs/,2025-05-25,2026-09-22,37.7854018,-122.4409156,2460 SUTTER ST,Exact DataSF address,DataSF Enterprise Addressing System,2026-09-21
Terra San Francisco Preschool,3801 Balboa Street,San Francisco,CA,94121,SINGLE LICENSED CHILD CARE CENTER,384004824,LICENSED,56,(415) 906-2220,2/27/2025,No,B - Licensed; no ELFA designation found,Shown as LICENSED in the CDSS child care center export dated 2025-05-25; no matching preschool license was found in the current SF DEC ELFA directory. ELFA participation is not universal.,"Screening category, not a standardized academic or review-site rating. Check current CCLD inspections/complaints, visit the site, and confirm age fit, availability, cost, staffing, and curriculum.",CDSS export,https://www.ccld.dss.ca.gov/carefacilitysearch/?Rewrite=FacDetail%2F384004824,https://data.ca.gov/dataset/community-care-licensing-facilities,https://legacy.sfdec.org/early-learning-for-all/early-learning-programs/,2025-05-25,2026-09-22,37.775097,-122.4997732,3801 BALBOA ST,Exact DataSF address,DataSF Enterprise Addressing System,2026-09-21
Tinker Preschool,554 Clement Street,San Francisco,CA,94118,DAY CARE CENTER,384002991,LICENSED,45,(628) 256-2281,12/29/2017,No,B - Licensed; no ELFA designation found,Shown as LICENSED in the CDSS child care center export dated 2025-05-25; no matching preschool license was found in the current SF DEC ELFA directory. ELFA participation is not universal.,"Screening category, not a standardized academic or review-site rating. Check current CCLD inspections/complaints, visit the site, and confirm age fit, availability, cost, staffing, and curriculum.",CDSS export,https://www.ccld.dss.ca.gov/carefacilitysearch/?Rewrite=FacDetail%2F384002991,https://data.ca.gov/dataset/community-care-licensing-facilities,https://legacy.sfdec.org/early-learning-for-all/early-learning-programs/,2025-05-25,2026-09-22,37.7830301,-122.4653302,554 CLEMENT ST,Exact DataSF address,DataSF Enterprise Addressing System,2026-09-21
Tinker Preschool Cole Valley,1749 Waller Street,San Francisco,CA,94117,DAY CARE CENTER,384004017,LICENSED,42,(415) 425-3248,2/14/2019,No,B - Licensed; no ELFA designation found,Shown as LICENSED in the CDSS child care center export dated 2025-05-25; no matching preschool license was found in the current SF DEC ELFA directory. ELFA participation is not universal.,"Screening category, not a standardized academic or review-site rating. Check current CCLD inspections/complaints, visit the site, and confirm age fit, availability, cost, staffing, and curriculum.",CDSS export,https://www.ccld.dss.ca.gov/carefacilitysearch/?Rewrite=FacDetail%2F384004017,https://data.ca.gov/dataset/community-care-licensing-facilities,https://legacy.sfdec.org/early-learning-for-all/early-learning-programs/,2025-05-25,2026-09-22,37.7680572,-122.4524886,1749 WALLER ST,Exact DataSF address,DataSF Enterprise Addressing System,2026-09-21
Tinker Preschool Park Presidio,4820 Geary Blvd.,San Francisco,CA,94118,DAY CARE CENTER,384004122,LICENSED,35,(628) 270-0141,10/7/2019,No,B - Licensed; no ELFA designation found,Shown as LICENSED in the CDSS child care center export dated 2025-05-25; no matching preschool license was found in the current SF DEC ELFA directory. ELFA participation is not universal.,"Screening category, not a standardized academic or review-site rating. Check current CCLD inspections/complaints, visit the site, and confirm age fit, availability, cost, staffing, and curriculum.",CDSS export,https://www.ccld.dss.ca.gov/carefacilitysearch/?Rewrite=FacDetail%2F384004122,https://data.ca.gov/dataset/community-care-licensing-facilities,https://legacy.sfdec.org/early-learning-for-all/early-learning-programs/,2025-05-25,2026-09-22,37.7810177,-122.4711765,4820 GEARY BLVD,Exact DataSF address,DataSF Enterprise Addressing System,2026-09-21
Tiny Giants (Ps),1748 Clay Street,San Francisco,CA,94109,DAY CARE CENTER,384002352,LICENSED,60,(415) 359-9499,2/7/2013,No,B - Licensed; no ELFA designation found,Shown as LICENSED in the CDSS child care center export dated 2025-05-25; no matching preschool license was found in the current SF DEC ELFA directory. ELFA participation is not universal.,"Screening category, not a standardized academic or review-site rating. Check current CCLD inspections/complaints, visit the site, and confirm age fit, availability, cost, staffing, and curriculum.",CDSS export,https://www.ccld.dss.ca.gov/carefacilitysearch/?Rewrite=FacDetail%2F384002352,https://data.ca.gov/dataset/community-care-licensing-facilities,https://legacy.sfdec.org/early-learning-for-all/early-learning-programs/,2025-05-25,2026-09-22,37.7924515,-122.4217238,1748 CLAY ST,Exact DataSF address,DataSF Enterprise Addressing System,2026-09-21
Tiny Knights Preschool At Saint Gabriel School,2550 - 41St Avenue,San Francisco,CA,94116,DAY CARE CENTER,384002754,LICENSED,30,(415) 566-0314,9/19/2016,No,B - Licensed; no ELFA designation found,Shown as LICENSED in the CDSS child care center export dated 2025-05-25; no matching preschool license was found in the current SF DEC ELFA directory. ELFA participation is not universal.,"Screening category, not a standardized academic or review-site rating. Check current CCLD inspections/complaints, visit the site, and confirm age fit, availability, cost, staffing, and curriculum.",CDSS export,https://www.ccld.dss.ca.gov/carefacilitysearch/?Rewrite=FacDetail%2F384002754,https://data.ca.gov/dataset/community-care-licensing-facilities,https://legacy.sfdec.org/early-learning-for-all/early-learning-programs/,2025-05-25,2026-09-22,37.7395639,-122.4986346,2550 41ST AVE,Exact DataSF address,DataSF Enterprise Addressing System,2026-09-21
Wind In The Willows,713 Monterey Blvd.,San Francisco,CA,94127,DAY CARE CENTER,384000832,LICENSED,22,(415) 333-7166,9/8/2000,No,B - Licensed; no ELFA designation found,Shown as LICENSED in the CDSS child care center export dated 2025-05-25; no matching preschool license was found in the current SF DEC ELFA directory. ELFA participation is not universal.,"Screening category, not a standardized academic or review-site rating. Check current CCLD inspections/complaints, visit the site, and confirm age fit, availability, cost, staffing, and curriculum.",CDSS export,https://www.ccld.dss.ca.gov/carefacilitysearch/?Rewrite=FacDetail%2F384000832,https://data.ca.gov/dataset/community-care-licensing-facilities,https://legacy.sfdec.org/early-learning-for-all/early-learning-programs/,2025-05-25,2026-09-22,37.7312571,-122.4514637,713 MONTEREY BLVD,Exact DataSF address; source ZIP differs,DataSF Enterprise Addressing System,2026-09-21
Wonder Years School,380 21St Avenue,San Francisco,CA,94121,DAY CARE CENTER,384004810,LICENSED,45,(415) 209-5488,11/25/2024,No,B - Licensed; no ELFA designation found,Shown as LICENSED in the CDSS child care center export dated 2025-05-25; no matching preschool license was found in the current SF DEC ELFA directory. ELFA participation is not universal.,"Screening category, not a standardized academic or review-site rating. Check current CCLD inspections/complaints, visit the site, and confirm age fit, availability, cost, staffing, and curriculum.",CDSS export,https://www.ccld.dss.ca.gov/carefacilitysearch/?Rewrite=FacDetail%2F384004810,https://data.ca.gov/dataset/community-care-licensing-facilities,https://legacy.sfdec.org/early-learning-for-all/early-learning-programs/,2025-05-25,2026-09-22,37.780818,-122.4801576,380 21ST AVE,Exact DataSF address,DataSF Enterprise Addressing System,2026-09-21
Wu Yee Children'S Services-Ocean Elc,1820 Alemany Blvd.,San Francisco,CA,94112,DAY CARE CENTER,384004743,LICENSED,40,(415) 230-7508,11/14/2023,No,B - Licensed; no ELFA designation found,Shown as LICENSED in the CDSS child care center export dated 2025-05-25; no matching preschool license was found in the current SF DEC ELFA directory. ELFA participation is not universal.,"Screening category, not a standardized academic or review-site rating. Check current CCLD inspections/complaints, visit the site, and confirm age fit, availability, cost, staffing, and curriculum.",CDSS export,https://www.ccld.dss.ca.gov/carefacilitysearch/?Rewrite=FacDetail%2F384004743,https://data.ca.gov/dataset/community-care-licensing-facilities,https://legacy.sfdec.org/early-learning-for-all/early-learning-programs/,2025-05-25,2026-09-22,37.7231762,-122.4379355,1820 ALEMANY BLVD,Exact DataSF address,DataSF Enterprise Addressing System,2026-09-21
Bright Horizons - Laurel Heights,"2675 Geary Blvd, suite 400",San Francisco,CA,94118,ELFA preschool/center,384001301,Not present,,(415) 596-5160,,Yes,Review - ELFA-listed; verify license status,"Listed in the current SF DEC ELFA directory, but the license is not present in the CDSS child care center export dated 2025-05-25. Verify the latest status and compliance history.","Screening category, not a standardized academic or review-site rating. Check current CCLD inspections/complaints, visit the site, and confirm age fit, availability, cost, staffing, and curriculum.",SF DEC ELFA directory,https://www.ccld.dss.ca.gov/carefacilitysearch/?Rewrite=FacDetail%2F384001301,https://data.ca.gov/dataset/community-care-licensing-facilities,https://legacy.sfdec.org/early-learning-for-all/early-learning-programs/,2025-05-25,2026-09-22,37.7820803,-122.4465758,2675 GEARY BLVD,Exact DataSF address; source ZIP differs,DataSF Enterprise Addressing System,2026-09-21
Cross Cultural Family Center - Cleo Wallace,71 Turner Terrace,San Francisco,CA,94107,DAY CARE CENTER,384002732,CLOSED,35,(415) 921-7019,8/10/2016,Yes,Review - ELFA-listed; verify license status,"Listed in the current SF DEC ELFA directory. The CDSS export dated 2025-05-25 lists this license as CLOSED / DAY CARE CENTER, rather than as an active preschool or day care center. Verify the latest status and compliance history.","Screening category, not a standardized academic or review-site rating. Check current CCLD inspections/complaints, visit the site, and confirm age fit, availability, cost, staffing, and curriculum.",SF DEC ELFA directory,https://www.ccld.dss.ca.gov/carefacilitysearch/?Rewrite=FacDetail%2F384002732,https://data.ca.gov/dataset/community-care-licensing-facilities,https://legacy.sfdec.org/early-learning-for-all/early-learning-programs/,2025-05-25,2026-09-22,37.7569059,-122.3954079,"71 TURNER TER, SAN FRANCISCO, CA, 94107",US Census address match,US Census Geocoder Public_AR_Current,2026-09-22
Explorers Prep,349 Taraval Street,San Francisco,CA,94116,SINGLE LICENSED CHILD CARE CENTER,384005050,PENDING,32,(415) 936-4128,,Yes,Review - ELFA-listed; verify license status,"Listed in the current SF DEC ELFA directory. The CDSS export dated 2025-05-25 lists this license as PENDING / SINGLE LICENSED CHILD CARE CENTER, rather than as an active preschool or day care center. Verify the latest status and compliance history.","Screening category, not a standardized academic or review-site rating. Check current CCLD inspections/complaints, visit the site, and confirm age fit, availability, cost, staffing, and curriculum.",SF DEC ELFA directory,https://www.ccld.dss.ca.gov/carefacilitysearch/?Rewrite=FacDetail%2F384005050,https://data.ca.gov/dataset/community-care-licensing-facilities,https://legacy.sfdec.org/early-learning-for-all/early-learning-programs/,2025-05-25,2026-09-22,37.7432564,-122.4696867,"349 TARAVAL ST, SAN FRANCISCO, CA, 94116",US Census address match,US Census Geocoder Public_AR_Current,2026-09-22
Felton Institute - Solmar Learning Center,199 Shotwell Street,San Francisco,CA,94103,INFANT CENTER,384004506,LICENSED,24,(415) 474-1809,2/14/2022,Yes,Review - ELFA-listed; verify license status,"Listed in the current SF DEC ELFA directory. The CDSS export dated 2025-05-25 lists this license as LICENSED / INFANT CENTER, rather than as an active preschool or day care center. Verify the latest status and compliance history.","Screening category, not a standardized academic or review-site rating. Check current CCLD inspections/complaints, visit the site, and confirm age fit, availability, cost, staffing, and curriculum.",SF DEC ELFA directory,https://www.ccld.dss.ca.gov/carefacilitysearch/?Rewrite=FacDetail%2F384004506,https://data.ca.gov/dataset/community-care-licensing-facilities,https://legacy.sfdec.org/early-learning-for-all/early-learning-programs/,2025-05-25,2026-09-22,37.7654812,-122.4162782,199 SHOTWELL ST,Exact DataSF address,DataSF Enterprise Addressing System,2026-09-21
FranDelJa Enrichment Center - Hunter's View,901 B Fairfax Ave,San Francisco,CA,94124,INFANT CENTER,384002983,LICENSED,21,(415) 822-1699,12/14/2017,Yes,Review - ELFA-listed; verify license status,"Listed in the current SF DEC ELFA directory. The CDSS export dated 2025-05-25 lists this license as LICENSED / INFANT CENTER, rather than as an active preschool or day care center. Verify the latest status and compliance history.","Screening category, not a standardized academic or review-site rating. Check current CCLD inspections/complaints, visit the site, and confirm age fit, availability, cost, staffing, and curriculum.",SF DEC ELFA directory,https://www.ccld.dss.ca.gov/carefacilitysearch/?Rewrite=FacDetail%2F384002983,https://data.ca.gov/dataset/community-care-licensing-facilities,https://legacy.sfdec.org/early-learning-for-all/early-learning-programs/,2025-05-25,2026-09-22,37.7352218,-122.3806594,901 A FAIRFAX AVE,DataSF normalized street match,DataSF Enterprise Addressing System,2026-09-21
Little Panda Children's Campus at San Francisco State University - San Francisco State University,1 N State Drive,San Francisco,CA,94132,ELFA preschool/center,384005131,Not present,,(415) 516-8121,,Yes,Review - ELFA-listed; verify license status,"Listed in the current SF DEC ELFA directory, but the license is not present in the CDSS child care center export dated 2025-05-25. Verify the latest status and compliance history.","Screening category, not a standardized academic or review-site rating. Check current CCLD inspections/complaints, visit the site, and confirm age fit, availability, cost, staffing, and curriculum.",SF DEC ELFA directory,https://www.ccld.dss.ca.gov/carefacilitysearch/?Rewrite=FacDetail%2F384005131,https://data.ca.gov/dataset/community-care-licensing-facilities,https://legacy.sfdec.org/early-learning-for-all/early-learning-programs/,2025-05-25,2026-09-22,37.7260402,-122.4822453,"North State Drive, San Francisco, CA 94132",Published campus road centroid,OpenStreetMap North State Drive centroid,2026-09-22
"Mission Neighborhood Centers, Inc. - Valencia Gardens",380 Valencia St,San Francisco,CA,94103,SINGLE LICENSED CHILD CARE CENTER,384005039,PENDING,29,415-206-7752 x2028,,Yes,Review - ELFA-listed; verify license status,"Listed in the current SF DEC ELFA directory. The CDSS export dated 2025-05-25 lists this license as PENDING / SINGLE LICENSED CHILD CARE CENTER, rather than as an active preschool or day care center. Verify the latest status and compliance history.","Screening category, not a standardized academic or review-site rating. Check current CCLD inspections/complaints, visit the site, and confirm age fit, availability, cost, staffing, and curriculum.",SF DEC ELFA directory,https://www.ccld.dss.ca.gov/carefacilitysearch/?Rewrite=FacDetail%2F384005039,https://data.ca.gov/dataset/community-care-licensing-facilities,https://legacy.sfdec.org/early-learning-for-all/early-learning-programs/,2025-05-25,2026-09-22,37.7670627,-122.4222796,380 VALENCIA ST,Exact DataSF address,DataSF Enterprise Addressing System,2026-09-21
Potrero Kids - Potrero Kids at 3rd Street (PK3),810 Illinois St,San Francisco,CA,94107,SINGLE LICENSED CHILD CARE CENTER,384004958,PENDING,84,(415) 550-3300,,Yes,Review - ELFA-listed; verify license status,"Listed in the current SF DEC ELFA directory. The CDSS export dated 2025-05-25 lists this license as PENDING / SINGLE LICENSED CHILD CARE CENTER, rather than as an active preschool or day care center. Verify the latest status and compliance history.","Screening category, not a standardized academic or review-site rating. Check current CCLD inspections/complaints, visit the site, and confirm age fit, availability, cost, staffing, and curriculum.",SF DEC ELFA directory,https://www.ccld.dss.ca.gov/carefacilitysearch/?Rewrite=FacDetail%2F384004958,https://data.ca.gov/dataset/community-care-licensing-facilities,https://legacy.sfdec.org/early-learning-for-all/early-learning-programs/,2025-05-25,2026-09-22,37.7612037,-122.3877731,810 ILLINOIS ST,Exact DataSF address,DataSF Enterprise Addressing System,2026-09-21
SFUSD - Leola M. Havard,1360 Oakdale Ave (temporarily located at George Washington Carver),San Francisco,CA,94124,DAY CARE CENTER,380504345,INACTIVE,192,(415) 695-5660,8/27/1986,Yes,Review - ELFA-listed; verify license status,"Listed in the current SF DEC ELFA directory. The CDSS export dated 2025-05-25 lists this license as INACTIVE / DAY CARE CENTER, rather than as an active preschool or day care center. Verify the latest status and compliance history.","Screening category, not a standardized academic or review-site rating. Check current CCLD inspections/complaints, visit the site, and confirm age fit, availability, cost, staffing, and curriculum.",SF DEC ELFA directory,https://www.ccld.dss.ca.gov/carefacilitysearch/?Rewrite=FacDetail%2F380504345,https://data.ca.gov/dataset/community-care-licensing-facilities,https://legacy.sfdec.org/early-learning-for-all/early-learning-programs/,2025-05-25,2026-09-22,37.7318978,-122.3856299,1360 OAKDALE AVE,Exact DataSF address,DataSF Enterprise Addressing System,2026-09-21
Sunny Infant and Preschool Center - Clement,3101 Clement St,San Francisco,CA,94121,SINGLE LICENSED CHILD CARE CENTER,384004969,PENDING,61,(415) 806-2618,,Yes,Review - ELFA-listed; verify license status,"Listed in the current SF DEC ELFA directory. The CDSS export dated 2025-05-25 lists this license as PENDING / SINGLE LICENSED CHILD CARE CENTER, rather than as an active preschool or day care center. Verify the latest status and compliance history.","Screening category, not a standardized academic or review-site rating. Check current CCLD inspections/complaints, visit the site, and confirm age fit, availability, cost, staffing, and curriculum.",SF DEC ELFA directory,https://www.ccld.dss.ca.gov/carefacilitysearch/?Rewrite=FacDetail%2F384004969,https://data.ca.gov/dataset/community-care-licensing-facilities,https://legacy.sfdec.org/early-learning-for-all/early-learning-programs/,2025-05-25,2026-09-22,37.7815456,-122.4925286,3101 CLEMENT ST,Exact DataSF address,DataSF Enterprise Addressing System,2026-09-21
The Janet Pomeroy Center,207 Skyline Blvd,San Francisco,CA,94132,SCHOOL AGE DAY CARE CENTER,380505461,LICENSED,111,(415) 665-4100,8/14/1989,Yes,Review - ELFA-listed; verify license status,"Listed in the current SF DEC ELFA directory. The CDSS export dated 2025-05-25 lists this license as LICENSED / SCHOOL AGE DAY CARE CENTER, rather than as an active preschool or day care center. Verify the latest status and compliance history.","Screening category, not a standardized academic or review-site rating. Check current CCLD inspections/complaints, visit the site, and confirm age fit, availability, cost, staffing, and curriculum.",SF DEC ELFA directory,https://www.ccld.dss.ca.gov/carefacilitysearch/?Rewrite=FacDetail%2F380505461,https://data.ca.gov/dataset/community-care-licensing-facilities,https://legacy.sfdec.org/early-learning-for-all/early-learning-programs/,2025-05-25,2026-09-22,37.7296417,-122.5018455,207 SKYLINE BLVD,Exact DataSF address,DataSF Enterprise Addressing System,2026-09-21
